title,year,original_release_date_parsed,domestic_gross,international_gross,worldwide_gross,production_budget,profit_proxy,roi_proxy,tomatometer_rating,tomatometer_count,genres,runtime,directors,lead_actor,lead_actor_has_oscar,lead_actor_tier,lead_actor_status,is_animated,is_live_action,is_franchise,is_sequel,is_standalone
Star Wars: Episode VII - The Force Awakens,2015,2015-12-18,936662225.0,1131561399.0,2068223624.0,,,,92.0,437.0,"Action & Adventure, Science Fiction & Fantasy",136.0,J.J. Abrams,,0,,,0,1,1,1,0
Jurassic World,2015,2015-06-12,652270625.0,1018130012.0,1670400637.0,150000000.0,1520400637.0,10.136004246666667,70.0,351.0,"Action & Adventure, Mystery & Suspense, Science Fiction & Fantasy",124.0,Colin Trevorrow,Chris Pratt Bryce Dallas Howard Irrfan Khan Vincent D'Onofrio Nick Robinson,0,A,well_known,0,1,1,0,0
Furious 7,2015,2015-04-03,353007020.0,1162040651.0,1515047671.0,190000000.0,1325047671.0,6.973935110526316,82.0,272.0,"Action & Adventure, Mystery & Suspense",137.0,James Wan,Vin Diesel Paul Walker Dwayne Johnson Michelle Rodriguez Tyrese Gibson,0,A,well_known,0,1,0,1,0
Avengers: Age of Ultron,2015,2015-05-01,459005868.0,943800000.0,1402805868.0,280000000.0,1122805868.0,4.010020957142857,76.0,367.0,"Action & Adventure, Science Fiction & Fantasy",141.0,Joss Whedon,Robert Downey Jr. Chris Hemsworth Mark Ruffalo Chris Evans Scarlett Johansson,0,A,well_known,0,1,1,0,0
Minions,2015,2015-07-10,336045770.0,823352627.0,1159398397.0,74000000.0,1085398397.0,14.667545905405406,55.0,221.0,"Animation, Comedy, Kids & Family",91.0,"Pierre Coffin, Kyle Balda",Sandra Bullock Jon Hamm Michael Keaton Allison Janney Steve Coogan,0,A,well_known,1,0,0,0,1
Spectre,2015,2015-11-06,200074609.0,680600000.0,880674609.0,245000000.0,635674609.0,2.5945902408163266,63.0,359.0,Action & Adventure,148.0,Sam Mendes,Daniel Craig Christoph Waltz L\u00e9a Seydoux Ralph Fiennes Monica Bellucci,0,A,well_known,0,1,0,0,1
Inside Out,2015,2015-06-19,356461711.0,501832719.0,858294430.0,175000000.0,683294430.0,3.9045396,98.0,370.0,"Animation, Kids & Family",95.0,"Pete Docter, Ronnie del Carmen",Amy Poehler Phyllis Smith Richard Kind Bill Hader Lewis Black,0,A,well_known,1,0,0,0,1
The Hunger Games: Mockingjay - Part 2,2015,2015-11-20,281723902.0,371704359.0,653428261.0,160000000.0,493428261.0,3.08392663125,69.0,288.0,"Action & Adventure, Drama, Science Fiction & Fantasy",136.0,Francis Lawrence,Jennifer Lawrence Josh Hutcherson Liam Hemsworth Woody Harrelson Elizabeth Banks,0,A,well_known,0,1,0,1,0
The Martian,2015,2015-10-02,228433663.0,401728227.0,630161890.0,108000000.0,522161890.0,4.834832314814815,91.0,374.0,Science Fiction & Fantasy,142.0,Ridley Scott,Matt Damon Jessica Chastain Kristen Wiig Jeff Daniels Michael Pe\u00f1a,0,A,well_known,0,1,0,0,1
Fifty Shades of Grey,2015,2015-02-13,166167230.0,403484237.0,569651467.0,40000000.0,529651467.0,13.241286675,25.0,280.0,Romance,125.0,Sam Taylor-Johnson,Dakota Johnson Jamie Dornan Jennifer Ehle Eloise Mumford Victor Rasuk,0,A,well_known,0,1,0,0,1
Cinderella,2015,2015-03-13,201151353.0,341200000.0,542351353.0,95000000.0,447351353.0,4.708961610526316,84.0,246.0,"Kids & Family, Science Fiction & Fantasy, Romance",105.0,Kenneth Branagh,Lily James Cate Blanchett Richard Madden Helena Bonham Carter Stellan Skarsg\u00e5rd,0,B,well_known,0,1,0,0,1
The Revenant,2015,2015-12-25,183637894.0,349312609.0,532950503.0,135000000.0,397950503.0,2.9477815037037036,78.0,397.0,"Action & Adventure, Drama",156.0,"Alejandro González Iñárritu, Manny Palo",Leonardo DiCaprio Tom Hardy Will Poulter Domhnall Gleeson Paul Anderson,0,B,well_known,0,1,0,0,1
Ant-Man,2015,2015-07-17,180202163.0,339109802.0,519311965.0,130000000.0,389311965.0,2.9947074230769233,83.0,328.0,"Action & Adventure, Comedy, Mystery & Suspense, Science Fiction & Fantasy",117.0,Peyton Reed,Paul Rudd Michael Douglas Evangeline Lilly Corey Stoll Bobby Cannavale,0,B,well_known,0,1,0,0,1
Hotel Transylvania 2,2015,2015-09-25,169700110.0,305099890.0,474800000.0,80000000.0,394800000.0,4.935,56.0,108.0,Animation,89.0,Genndy Tartakovsky,Adam Sandler Andy Samberg Selena Gomez Kevin James Steve Buscemi,0,B,well_known,1,0,0,1,0
San Andreas,2015,2015-05-29,155190832.0,319400000.0,474590832.0,110000000.0,364590832.0,3.314462109090909,50.0,245.0,Action & Adventure,114.0,Brad Peyton,Dwayne Johnson Alexandra Daddario Carla Gugino Ioan Gruffudd Archie Panjabi,0,B,well_known,0,1,0,0,1
Terminator Genisys,2015,2015-07-01,89760956.0,350842581.0,440603537.0,155000000.0,285603537.0,1.842603464516129,27.0,269.0,Action & Adventure,126.0,Alan Taylor,Arnold Schwarzenegger Jason Clarke Emilia Clarke Jai Courtney J.K. Simmons,0,B,well_known,0,1,0,0,1
Kingsman: The Secret Service,2015,2015-02-13,128261724.0,286089822.0,414351546.0,,,,74.0,258.0,Mystery & Suspense,129.0,Matthew Vaughn,,0,,,0,1,0,0,1
Home,2015,2015-03-26,177397510.0,208644097.0,386041607.0,135000000.0,251041607.0,1.8595674592592593,51.0,137.0,"Action & Adventure, Animation, Comedy, Kids & Family, Science Fiction & Fantasy",94.0,Tim Johnson,Jim Parsons Rihanna Steve Martin Jennifer Lopez Matt Jones,0,B,well_known,1,0,0,0,1
Mad Max: Fury Road,2015,2015-05-15,153636354.0,225800000.0,379436354.0,150000000.0,229436354.0,1.5295756933333333,97.0,422.0,"Action & Adventure, Science Fiction & Fantasy",120.0,George Miller,Tom Hardy Charlize Theron Nicholas Hoult Hugh Keays-Byrne Josh Helman,0,B,well_known,0,1,0,0,1
The Good Dinosaur,2015,2015-11-25,123087120.0,209120551.0,332207671.0,175000000.0,157207671.0,0.8983295485714285,76.0,215.0,"Action & Adventure, Animation, Comedy, Kids & Family",92.0,Peter Sohn,Raymond Ochoa Jack Bright Jeffrey Wright Frances McDormand Maleah Nipay-Padilla,0,B,well_known,1,0,0,0,1
Taken 3,2015,2015-01-09,89256424.0,237222717.0,326479141.0,,,,13.0,120.0,Action & Adventure,109.0,Olivier Megaton,,0,,,0,1,0,1,0
The SpongeBob Movie: Sponge Out of Water,2015,2015-02-06,162994032.0,162192000.0,325186032.0,74000000.0,251186032.0,3.3944058378378377,81.0,104.0,"Animation, Comedy, Kids & Family",92.0,Paul Tibbitt,Tom Kenny Bill Fagerbakke Rodger Bumpass Clancy Brown Carolyn Lawrence,0,B,well_known,1,0,0,0,1
Maze Runner: The Scorch Trials,2015,2015-09-18,81697192.0,230598864.0,312296056.0,61000000.0,251296056.0,4.119607475409836,46.0,149.0,Action & Adventure,131.0,Wes Ball,Dylan O'Brien Kaya Scodelario Thomas Brodie-Sangster Giancarlo Esposito Aidan Gillen,0,B,well_known,0,1,0,0,1
Pitch Perfect 2,2015,2015-05-15,184296230.0,102847849.0,287144079.0,29000000.0,258144079.0,8.901519965517242,65.0,216.0,"Comedy, Musical & Performing Arts",115.0,Elizabeth Banks,Anna Kendrick Rebel Wilson Hailee Steinfeld Brittany Snow Skylar Astin,0,B,well_known,0,1,0,1,0
Mojin: The Lost Legend,2015,2015-12-18,1243810.0,258124638.0,259368448.0,,,,56.0,9.0,Action & Adventure,127.0,Wuershan,,0,,,0,1,0,0,1
Lost in Hong Kong,2015,2015-09-25,1302281.0,254981631.0,256283912.0,,,,60.0,5.0,"Art House & International, Comedy",114.0,Zheng Xu,,0,,,0,1,0,0,1
The Peanuts Movie,2015,2015-11-06,130178411.0,116054702.0,246233113.0,99000000.0,147233113.0,1.4872031616161616,87.0,197.0,"Animation, Kids & Family",89.0,Steve Martino,Noah Schnapp Bill Melendez Venus Schultheis Hadley Belle Miller Madisyn Shipman,0,B,well_known,1,0,0,0,1
Pixels,2015,2015-07-24,78747585.0,166127224.0,244874809.0,88000000.0,156874809.0,1.7826682840909092,17.0,201.0,"Animation, Comedy, Drama",106.0,Chris Columbus,Adam Sandler Michelle Monaghan Peter Dinklage Josh Gad Kevin James,0,B,well_known,1,0,0,0,1
Daddy's Home,2015,2015-12-25,150357137.0,92429000.0,242786137.0,50000000.0,192786137.0,3.85572274,31.0,121.0,Comedy,96.0,"John Morris, Sean Anders",Will Ferrell Mark Wahlberg Linda Cardellini Thomas Haden Church Scarlett Estevez,0,B,well_known,0,1,0,0,1
Spy,2015,2015-06-05,110825712.0,124840507.0,235666219.0,,,,95.0,257.0,Comedy,115.0,Paul Feig,,0,,,0,1,0,0,1
Alvin and the Chipmunks: The Road Chip,2015,2015-12-18,85886987.0,148911649.0,234798636.0,0.0,234798636.0,,15.0,67.0,"Animation, Comedy, Kids & Family",86.0,Walt Becker,Jason Lee Justin Long Bella Thorne Matthew Gray Gubler Jesse McCartney,0,B,well_known,1,0,0,0,1
Ted 2,2015,2015-06-26,81476385.0,134387221.0,215863606.0,68000000.0,147863606.0,2.174464794117647,45.0,206.0,Comedy,115.0,Seth MacFarlane,Mark Wahlberg Seth MacFarlane Amanda Seyfried Jessica Barth Giovanni Ribisi,0,C,well_known,0,1,0,1,0
Tomorrowland,2015,2015-05-22,93436322.0,115599346.0,209035668.0,190000000.0,19035668.0,0.10018772631578947,50.0,296.0,Science Fiction & Fantasy,129.0,Brad Bird,Britt Robertson George Clooney Raffey Cassidy Thomas Robinson Hugh Laurie,0,C,well_known,0,1,0,0,1
Everest,2015,2015-09-18,43482270.0,159945314.0,203427584.0,55000000.0,148427584.0,2.6986833454545454,73.0,227.0,"Action & Adventure, Drama, Mystery & Suspense",121.0,Baltasar Kormákur,Jason Clarke Jake Gyllenhaal Josh Brolin John Hawkes Sam Worthington,0,C,well_known,0,1,0,0,1
Straight Outta Compton,2015,2015-08-14,161197785.0,40437206.0,201634991.0,28000000.0,173634991.0,6.201249678571428,89.0,245.0,"Drama, Musical & Performing Arts",147.0,F. Gary Gray,O'Shea Jackson Jr. Corey Hawkins Jason Mitchell Neil Brown Jr. Aldis Hodge,0,C,well_known,0,1,0,0,1
The Intern,2015,2015-09-25,75764672.0,119000000.0,194764672.0,35000000.0,159764672.0,4.564704914285715,60.0,194.0,Comedy,121.0,Nancy Meyers,Robert De Niro Anne Hathaway Rene Russo Anders Holm JoJo Kushner,0,C,well_known,0,1,0,0,1
Jupiter Ascending,2015,2015-02-06,47387723.0,136900000.0,184287723.0,176000003.0,8287720.0,0.04708931737915936,27.0,269.0,"Action & Adventure, Science Fiction & Fantasy",127.0,"Lana Wachowski, Lilly Wachowski",Mila Kunis Channing Tatum Sean Bean Eddie Redmayne Douglas Booth,0,C,well_known,0,1,0,0,1
Creed,2015,2015-11-25,109767581.0,64400000.0,174167581.0,37000000.0,137167581.0,3.707231918918919,95.0,306.0,Drama,133.0,Ryan Coogler,Michael B. Jordan Sylvester Stallone Graham McTavish Tessa Thompson Phylicia Rash\u0101d,0,C,well_known,0,1,0,0,1
Fantastic Four,2015,2015-08-07,56117548.0,111765333.0,167882881.0,120000000.0,47882881.0,0.39902400833333335,9.0,258.0,Action & Adventure,100.0,Josh Trank,Miles Teller Kate Mara Michael B. Jordan Jamie Bell Toby Kebbell,0,C,well_known,0,1,0,0,1
Bridge of Spies,2015,2015-10-16,72313754.0,93164594.0,165478348.0,40000000.0,125478348.0,3.1369587,90.0,307.0,"Drama, Mystery & Suspense",141.0,Steven Spielberg,Tom Hanks Mark Rylance Amy Ryan Alan Alda Sebastian Koch,0,C,well_known,0,1,0,0,1
Focus,2015,2015-02-27,53862963.0,105300000.0,159162963.0,50100000.0,109062963.0,2.1769054491017963,56.0,225.0,"Comedy, Drama",,"John Requa, Glenn Ficarra",Will Smith Margot Robbie Rodrigo Santoro Robert Taylor Gerald McRaney,0,C,well_known,0,1,0,0,1
Goosebumps,2015,2015-10-16,80080379.0,78180573.0,158260952.0,58000000.0,100260952.0,1.728637103448276,78.0,163.0,"Horror, Kids & Family, Mystery & Suspense",103.0,Rob Letterman,Jack Black Dylan Minnette Odeya Rush Amy Ryan Jillian Bell,0,C,well_known,0,1,0,0,1
The Hateful Eight,2015,2015-12-30,54117416.0,101642701.0,155760117.0,44000000.0,111760117.0,2.5400026590909093,75.0,332.0,Western,168.0,Quentin Tarantino,Samuel L. Jackson Kurt Russell Jennifer Jason Leigh Walton Goggins Demi\u00e1n Bichir,0,C,well_known,0,1,0,0,1
The Last Witch Hunter,2015,2015-10-23,27367660.0,119569250.0,146936910.0,90000000.0,56936910.0,0.6326323333333334,18.0,136.0,"Action & Adventure, Science Fiction & Fantasy",106.0,,Vin Diesel Rose Leslie Elijah Wood \u00d3lafur Darri \u00d3lafsson Rena Owen,0,C,well_known,0,1,0,0,1
Trainwreck,2015,2015-07-17,110212700.0,30583093.0,140795793.0,35000000.0,105795793.0,3.0227369428571427,85.0,284.0,Comedy,125.0,Judd Apatow,Amy Schumer Bill Hader Brie Larson Colin Quinn Vanessa Bayer,0,C,well_known,0,1,0,0,1
Point Break,2015,2015-12-25,28782481.0,105000000.0,133782481.0,105000000.0,28782481.0,0.2741188666666667,11.0,110.0,Action & Adventure,,Ericson Core,Edgar Ram\u00edrez Luke Bracey Teresa Palmer Delroy Lindo Ray Winstone,0,C,well_known,0,1,0,0,1
The Big Short,2015,2015-12-23,70259870.0,63181000.0,133440870.0,28000000.0,105440870.0,3.765745357142857,88.0,322.0,Drama,130.0,Adam McKay,Christian Bale Steve Carell Ryan Gosling Brad Pitt Melissa Leo,0,C,well_known,0,1,0,0,1
Pan,2015,2015-10-09,35088320.0,93900000.0,128988320.0,150000000.0,-21011680.0,-0.14007786666666666,27.0,197.0,"Action & Adventure, Science Fiction & Fantasy",111.0,Joe Wright,Levi Miller Garrett Hedlund Hugh Jackman Rooney Mara Amanda Seyfried,0,C,well_known,0,1,0,0,1
Wolf Totem,2015,2015-09-11,210591.0,125626479.0,125837070.0,,,,67.0,30.0,Action & Adventure,118.0,Jean-Jacques Annaud,,0,,,0,1,0,0,1
Magic Mike XXL,2015,2015-07-01,66013057.0,56600000.0,122613057.0,14800000.0,107813057.0,7.2846660135135135,65.0,235.0,Comedy,115.0,Gregory Jacobs,Channing Tatum Matt Bomer Joe Manganiello Kevin Nash Adam Rodr\u00edguez,0,C,well_known,0,1,0,0,1
Insidious: Chapter 3,2015,2015-06-05,52218558.0,60765331.0,112983889.0,10000000.0,102983889.0,10.2983889,57.0,129.0,Horror,97.0,Leigh Whannell,Dermot Mulroney Stefanie Scott Lin Shaye Leigh Whannell Angus Sampson,0,C,well_known,0,1,0,1,0
Get Hard,2015,2015-03-27,90411453.0,21400000.0,111811453.0,40000000.0,71811453.0,1.795286325,28.0,183.0,Comedy,99.0,Etan Cohen,Will Ferrell Kevin Hart Alison Brie Craig T. Nelson T.I.,0,C,well_known,0,1,0,0,1
The Man from U.N.C.L.E.,2015,2015-08-14,45445109.0,64600000.0,110045109.0,75000000.0,35045109.0,0.46726812,67.0,288.0,"Action & Adventure, Comedy, Mystery & Suspense",116.0,Guy Ritchie,Henry Cavill Armie Hammer Alicia Vikander Elizabeth Debicki Luca Calvani,0,C,well_known,0,1,0,0,1
Paul Blart: Mall Cop 2,2015,2015-04-17,71038190.0,36550035.0,107588225.0,38000000.0,69588225.0,1.8312690789473685,5.0,61.0,"Comedy, Kids & Family",94.0,Andy Fickman,Kevin James Raini Rodriguez Eduardo Ver\u00e1stegui Daniella Alonso Neal McDonough,0,C,well_known,0,1,0,1,0
Vacation,2015,2015-07-29,58884188.0,48344033.0,107228221.0,31000000.0,76228221.0,2.458974870967742,27.0,171.0,"Action & Adventure, Comedy",99.0,"Jonathan M. Goldstein, John Francis Daley",Ed Helms Christina Applegate Skyler Gisondo Steele Stebbins Chris Hemsworth,0,C,well_known,0,1,0,0,1
Shaun the Sheep Movie,2015,2015-08-05,19375982.0,86833396.0,106209378.0,,,,99.0,169.0,"Animation, Comedy",85.0,"Mark Burton, Richard Starzak",,0,,,1,0,0,0,1
Sisters,2015,2015-12-18,87044645.0,17966408.0,105011053.0,,,,60.0,176.0,"Comedy, Drama",118.0,Jason Moore,,0,,,0,1,0,0,1
Chappie,2015,2015-03-06,31569268.0,71242621.0,102811889.0,49000000.0,53811889.0,1.0982018163265306,33.0,227.0,Action & Adventure,120.0,Neill Blomkamp,Sharlto Copley Dev Patel Ninja Yolandi Visser Jose Pablo Cantillo,0,C,well_known,0,1,0,0,1
Joy,2015,2015-12-25,56451232.0,44682827.0,101134059.0,60000000.0,41134059.0,0.68556765,61.0,266.0,Drama,123.0,David O. Russell,Jennifer Lawrence Bradley Cooper Robert De Niro Dascha Polanco Edgar Ram\u00edrez,0,C,well_known,0,1,0,0,1
Black Mass,2015,2015-09-18,62575678.0,37400000.0,99975678.0,53000000.0,46975678.0,0.8863335471698113,73.0,288.0,Drama,,Scott Cooper,Johnny Depp Joel Edgerton Benedict Cumberbatch Dakota Johnson Kevin Bacon,0,C,well_known,0,1,0,0,1
Spotlight,2015,2015-11-06,45055776.0,53634478.0,98690254.0,20000000.0,78690254.0,3.9345127,97.0,367.0,"Drama, Mystery & Suspense",128.0,,Mark Ruffalo Michael Keaton Rachel McAdams Liev Schreiber John Slattery,0,C,well_known,0,1,0,0,1
The Visit,2015,2015-09-11,65206105.0,33243957.0,98450062.0,5000000.0,93450062.0,18.6900124,68.0,228.0,"Horror, Mystery & Suspense",94.0,M. Night Shyamalan,Olivia DeJonge Ed Oxenbould Kathryn Hahn Benjamin Kanes Deanna Dunagan,0,C,well_known,0,1,0,0,1
Poltergeist,2015,2015-05-22,47425125.0,48012869.0,95437994.0,,,,31.0,134.0,Horror,93.0,Gil Kenan,,0,,,0,1,0,0,1
Veteran,2015,2015-09-17,1200627.0,93192393.0,94393020.0,,,,90.0,10.0,Drama,124.0,Seung-wan Ryoo,,0,,,0,1,0,0,1
In the Heart of the Sea,2015,2015-12-11,25020758.0,69300000.0,94320758.0,100000000.0,-5679242.0,-0.05679242,43.0,237.0,"Action & Adventure, Drama",116.0,Ron Howard,Chris Hemsworth Benjamin Walker Cillian Murphy Brendan Gleeson Ben Whishaw,0,C,well_known,0,1,0,0,1
Southpaw,2015,2015-07-24,52421953.0,39548874.0,91970827.0,30000000.0,61970827.0,2.0656942333333332,59.0,237.0,Drama,123.0,Antoine Fuqua,Jake Gyllenhaal Rachel McAdams Forest Whitaker Oona Laurence 50 Cent,0,C,well_known,0,1,0,0,1
The Second Best Exotic Marigold Hotel,2015,2015-03-06,33078266.0,52900000.0,85978266.0,10000000.0,75978266.0,7.5978266,65.0,187.0,Comedy,122.0,John Madden,Dev Patel Judi Dench Richard Gere Maggie Smith Bill Nighy,0,C,well_known,0,1,0,0,1
Paper Towns,2015,2015-07-24,32000304.0,53511996.0,85512300.0,12000000.0,73512300.0,6.126025,58.0,139.0,Drama,109.0,Jake Schreier,Nat Wolff Cara Delevingne Justice Smith Austin Abrams Halston Sage,0,C,well_known,0,1,0,0,1
Sicario,2015,2015-10-02,46889293.0,37983151.0,84872444.0,30000000.0,54872444.0,1.8290814666666666,92.0,272.0,"Action & Adventure, Drama, Mystery & Suspense",121.0,Denis Villeneuve,Emily Blunt Benicio del Toro Josh Brolin Victor Garber Jon Bernthal,0,C,well_known,0,1,0,0,1
Hitman: Agent 47,2015,2015-08-21,22467450.0,59880206.0,82347656.0,,,,9.0,129.0,Action & Adventure,96.0,Aleksander Bach,,0,,,0,1,0,0,1
The Wedding Ringer,2015,2015-01-16,64460211.0,15339669.0,79799880.0,,,,29.0,111.0,Comedy,101.0,Jeremy Garelick,,0,,,0,1,0,0,1
Paranormal Activity: The Ghost Dimension,2015,2015-10-23,18300124.0,60603000.0,78903124.0,,,,14.0,77.0,Horror,88.0,Gregory Plotkin,,0,,,0,1,0,0,1
War Room,2015,2015-08-28,67790117.0,5477757.0,73267874.0,,,,34.0,35.0,Drama,120.0,Alex Kendrick,,0,,,0,1,0,0,1
The Transporter Refueled,2015,2015-09-04,16029670.0,56600000.0,72629670.0,25000000.0,47629670.0,1.9051868,16.0,101.0,Action & Adventure,91.0,Camille Delamarre,Ed Skrein Ray Stevenson Loan Chabanol Gabriella Wright Tatjana Pajkovi\u0107,0,C,well_known,0,1,0,0,1
Run All Night,2015,2015-03-13,26461644.0,45200000.0,71661644.0,50000000.0,21661644.0,0.43323288,59.0,184.0,Mystery & Suspense,114.0,Jaume Collet-Serra,Liam Neeson Ed Harris Joel Kinnaman Boyd Holbrook Bruce McGill,0,C,well_known,0,1,0,0,1
The Age of Adaline,2015,2015-04-24,42629776.0,23033500.0,65663276.0,25000000.0,40663276.0,1.62653104,54.0,167.0,"Drama, Science Fiction & Fantasy",113.0,Lee Toland Krieger,Blake Lively Michiel Huisman Harrison Ford Ellen Burstyn Kathy Baker,0,C,well_known,0,1,0,0,1
The Danish Girl,2015,2015-11-27,11114018.0,53077505.0,64191523.0,,,,67.0,241.0,Drama,120.0,Tom Hooper,,0,,,0,1,0,0,1
The Boy,2015,2015-08-18,35819556.0,28368811.0,64188367.0,,,,67.0,21.0,"Drama, Horror, Mystery & Suspense",105.0,Craig William Macneill,,0,,,0,1,0,0,1
The Longest Ride,2015,2015-04-10,37446117.0,25498698.0,62944815.0,34000000.0,28944815.0,0.8513180882352941,31.0,124.0,Drama,128.0,George Tillman Jr.,Scott Eastwood Britt Robertson Lolita Davidovich Melissa Benoist Jack Huston,0,C,well_known,0,1,0,0,1
Unfriended,2015,2015-04-17,32482090.0,30400000.0,62882090.0,1000000.0,61882090.0,61.88209,62.0,185.0,"Horror, Mystery & Suspense",83.0,,Shelley Hennig Moses Jacob Storm Renee Olstead William Peltz Jacob Wysocki,0,C,well_known,0,1,0,0,1
Brooklyn,2015,2015-11-04,38322743.0,23753398.0,62076141.0,11000000.0,51076141.0,4.643285545454545,97.0,269.0,Drama,112.0,John Crowley,Saoirse Ronan Domhnall Gleeson Emory Cohen Jim Broadbent Julie Walters,0,C,well_known,0,1,0,0,1
Dragon Ball Z: Resurrection 'F',2015,2015-08-04,8008363.0,53759827.0,61768190.0,,,,83.0,18.0,"Action & Adventure, Animation, Science Fiction & Fantasy",93.0,Tadayoshi Yamamuro,,0,,,1,0,0,0,1
Krampus,2015,2015-12-04,42725475.0,18823232.0,61548707.0,15000000.0,46548707.0,3.1032471333333334,66.0,128.0,Horror,,Michael Dougherty,Adam Scott Toni Collette Allison Tolman David Koechner Emjay Anthony,0,C,well_known,0,1,0,0,1
The Perfect Guy,2015,2015-09-11,57027435.0,3245738.0,60273173.0,,,,18.0,45.0,Mystery & Suspense,100.0,David M. Rosenthal,,0,,,0,1,0,0,1
The Gift,2015,2015-08-07,43787265.0,15191388.0,58978653.0,5000000.0,53978653.0,10.7957306,91.0,194.0,Mystery & Suspense,108.0,Joel Edgerton,Jason Bateman Rebecca Hall Joel Edgerton Allison Tolman Tim Griffin,0,C,well_known,0,1,0,0,1
No Escape,2015,2015-08-26,27288872.0,27130000.0,54418872.0,5000000.0,49418872.0,9.8837744,47.0,155.0,Mystery & Suspense,103.0,John Erick Dowdle,Owen Wilson Lake Bell Pierce Brosnan Sterling Jerins Claire Geare,0,C,well_known,0,1,0,0,1
Sinister 2,2015,2015-08-21,27740955.0,25588195.0,53329150.0,10000000.0,43329150.0,4.332915,16.0,90.0,Horror,97.0,Ciaran Foy,Shannyn Sossamon James Ransone Robert Daniel Sloan Dartanian Sloan Lea Coco,0,C,well_known,0,1,0,1,0
The Boy Next Door,2015,2015-01-23,35423380.0,17002475.0,52425855.0,4000000.0,48425855.0,12.10646375,12.0,136.0,Mystery & Suspense,90.0,Rob Cohen,Jennifer Lopez Ryan Guzman Ian Nelson John Corbett Kristin Chenoweth,0,C,well_known,0,1,0,0,1
The Night Before,2015,2015-11-20,43047372.0,9348624.0,52395996.0,,,,68.0,156.0,Comedy,101.0,Jonathan Levine,,0,,,0,1,0,0,1
Hot Pursuit,2015,2015-05-08,34580201.0,17100000.0,51680201.0,35000000.0,16680201.0,0.4765771714285714,7.0,173.0,"Action & Adventure, Comedy",87.0,Anne Fletcher,Reese Witherspoon Sof\u00eda Vergara Michael Mosley John Carroll Lynch Richard T. Jones,0,C,well_known,0,1,0,0,1
Entourage,2015,2015-06-03,32363404.0,16900000.0,49263404.0,,,,33.0,213.0,Comedy,104.0,Doug Ellin,,0,,,0,1,0,0,1
Concussion,2015,2015-12-25,34542474.0,14081098.0,48623572.0,35000000.0,13623572.0,0.3892449142857143,59.0,201.0,Drama,121.0,Peter Landesman,Will Smith Alec Baldwin Albert Brooks Gugu Mbatha-Raw David Morse,0,C,well_known,0,1,0,0,1
Mortdecai,2015,2015-01-23,7696134.0,39579561.0,47275695.0,60000000.0,-12724305.0,-0.21207175,12.0,110.0,Action & Adventure,106.0,David Koepp,Johnny Depp Gwyneth Paltrow Ewan McGregor Paul Bettany Olivia Munn,0,C,well_known,0,1,0,0,1
Still Alice,2015,2015-01-16,18754371.0,26024824.0,44779195.0,,,,85.0,203.0,Drama,97.0,"Richard Glatzer, Wash Westmoreland",,0,,,0,1,0,0,1
Max,2015,2015-06-26,42656255.0,1300000.0,43956255.0,20000000.0,23956255.0,1.19781275,38.0,98.0,Action & Adventure,111.0,"Boaz Yakin, Sheldon Lettich",Thomas Haden Church Josh Wiggins Lauren Graham Robbie Amell Mia Xitlali,0,C,well_known,0,1,0,0,1
The DUFF,2015,2015-02-20,34030343.0,9679401.0,43709744.0,8500000.0,35209744.0,4.142322823529412,73.0,120.0,Comedy,96.0,Ari Sandel,Mae Whitman Robbie Amell Bella Thorne Bianca A. Santos Skyler Samuels,0,C,well_known,0,1,0,0,1
Legend,2015,2015-11-20,1872994.0,41100000.0,42972994.0,25000000.0,17972994.0,0.71891976,61.0,170.0,"Art House & International, Mystery & Suspense, Special Interest",131.0,Brian Helgeland,Tom Hardy Emily Browning Christopher Eccleston David Thewlis Taron Egerton,0,C,well_known,0,1,0,0,1
The Gallows,2015,2015-07-10,22764410.0,20200000.0,42964410.0,100000.0,42864410.0,428.6441,14.0,118.0,"Horror, Mystery & Suspense",81.0,,Cassidy Gifford Ryan Shoos Pfeifer Brown Reese Mishler Price T. Morgan,0,C,well_known,0,1,0,0,1
Love the Coopers,2015,2015-11-13,26302731.0,16124181.0,42426912.0,17000000.0,25426912.0,1.495700705882353,18.0,122.0,Comedy,107.0,Jessie Nelson,Steve Martin Diane Keaton John Goodman Alan Arkin Olivia Wilde,0,C,well_known,0,1,0,0,1
The Lady in the Van,2015,2015-12-04,10021175.0,31366512.0,41387687.0,,,,89.0,149.0,Drama,104.0,Nicholas Hytner,,0,,,0,1,0,0,1
Ricki and the Flash,2015,2015-08-07,26822144.0,14503184.0,41325328.0,,,,65.0,198.0,"Comedy, Drama",100.0,Jonathan Demme,,0,,,0,1,0,0,1
Carol,2015,2015-11-20,12711491.0,27560644.0,40272135.0,,,,94.0,307.0,"Drama, Romance",118.0,Todd Haynes,,0,,,0,1,0,0,1
The Lazarus Effect,2015,2015-02-27,25801570.0,12555322.0,38356892.0,3300000.0,35056892.0,10.623300606060607,16.0,107.0,Horror,83.0,David Gelb,Olivia Wilde Mark Duplass Donald Glover Evan Peters Sarah Bolger,0,C,well_known,0,1,0,0,1
A Walk in the Woods,2015,2015-09-02,29504281.0,7956993.0,37461274.0,,,,47.0,165.0,"Action & Adventure, Comedy, Drama",104.0,Ken Kwapis,,0,,,0,1,0,0,1
Ex Machina,2015,2015-04-24,25442958.0,11426456.0,36869414.0,15000000.0,21869414.0,1.4579609333333334,92.0,275.0,"Drama, Mystery & Suspense, Science Fiction & Fantasy",107.0,Alex Garland,Domhnall Gleeson Alicia Vikander Oscar Isaac Sonoya Mizuno Corey Johnson,0,C,well_known,0,1,0,0,1
Burnt,2015,2015-10-30,13651946.0,22954797.0,36606743.0,20000000.0,16606743.0,0.83033715,28.0,159.0,Comedy,100.0,John Wells,Bradley Cooper Sienna Miller Lily James Alicia Vikander Uma Thurman,0,C,well_known,0,1,0,0,1
Room,2015,2015-10-16,14677654.0,20724104.0,35401758.0,6000000.0,29401758.0,4.900293,93.0,312.0,Drama,118.0,Lenny Abrahamson,Brie Larson Jacob Tremblay Joan Allen Sean Bridgers William H. Macy,0,C,well_known,0,1,0,0,1
Secret in Their Eyes,2015,2015-11-20,20180155.0,14674835.0,34854990.0,19500000.0,15354990.0,0.7874353846153846,39.0,148.0,"Drama, Mystery & Suspense",111.0,Billy Ray,Chiwetel Ejiofor Nicole Kidman Julia Roberts Dean Norris Lyndon Smith,0,C,well_known,0,1,0,0,1
Steve Jobs,2015,2015-10-23,17766658.0,16675215.0,34441873.0,30000000.0,4441873.0,0.14806243333333333,85.0,312.0,Drama,121.0,Danny Boyle,Michael Fassbender Kate Winslet Seth Rogen Katherine Waterston Jeff Daniels,0,C,well_known,0,1,0,0,1
Victor Frankenstein,2015,2015-11-25,5775076.0,28452222.0,34227298.0,40000000.0,-5772702.0,-0.14431755,26.0,141.0,Drama,110.0,Paul McGuigan,James McAvoy Daniel Radcliffe Jessica Brown Findlay Andrew Scott Charles Dance,0,C,well_known,0,1,0,0,1
Project Almanac,2015,2015-01-30,22348241.0,10865000.0,33213241.0,12000000.0,21213241.0,1.7677700833333334,36.0,97.0,"Mystery & Suspense, Science Fiction & Fantasy",106.0,Dean Israelite,Jonny Weston Virginia Gardner Sofia Black-D'Elia Sam Lerner Allen Evangelista,0,C,well_known,0,1,0,0,1
Suffragette,2015,2015-10-23,4702420.0,27269676.0,31972096.0,,,,73.0,213.0,"Art House & International, Drama",106.0,Sarah Gavron,,0,,,0,1,0,0,1
Self/less,2015,2015-07-10,12279691.0,19527465.0,31807156.0,26000000.0,5807156.0,0.22335215384615384,19.0,142.0,"Drama, Mystery & Suspense, Science Fiction & Fantasy",116.0,Tarsem Singh,Ryan Reynolds Ben Kingsley Natalie Martinez Matthew Goode Michelle Dockery,0,C,well_known,0,1,0,0,1
Far from the Madding Crowd,2015,2015-05-01,12236500.0,17993477.0,30229977.0,,,,84.0,190.0,"Drama, Romance",118.0,Thomas Vinterberg,,0,,,0,1,0,0,1
Mr. Holmes,2015,2015-07-17,17737646.0,11617557.0,29355203.0,,,,88.0,186.0,"Art House & International, Drama, Mystery & Suspense",105.0,Bill Condon,,0,,,0,1,0,0,1
Love & Mercy,2015,2015-06-05,12551031.0,16090745.0,28641776.0,,,,89.0,216.0,"Drama, Musical & Performing Arts",120.0,Bill Pohlad,,0,,,0,1,0,0,1
The 33,2015,2015-11-13,12227722.0,15744301.0,27972023.0,25000000.0,2972023.0,0.11888092,48.0,154.0,Drama,125.0,"Patricia Riggen, Patricia Richardson",Antonio Banderas Rodrigo Santoro Juliette Binoche James Brolin Lou Diamond Phillips,0,C,well_known,0,1,0,0,1
Irrational Man,2015,2015-07-17,4030360.0,23360724.0,27391084.0,,,,47.0,201.0,Drama,94.0,Woody Allen,,0,,,0,1,0,0,1
American Ultra,2015,2015-08-21,14440985.0,12821389.0,27262374.0,,,,43.0,175.0,"Action & Adventure, Comedy",96.0,Nima Nourizadeh,,0,,,0,1,0,0,1
Aloha,2015,2015-05-29,21067116.0,5182904.0,26250020.0,37000000.0,-10749980.0,-0.29054,20.0,165.0,"Action & Adventure, Comedy",105.0,Cameron Crowe,Bradley Cooper Emma Stone Rachel McAdams Bill Murray John Krasinski,0,C,well_known,0,1,0,0,1
Wild City,2015,2015-07-31,34866.0,24782986.0,24817852.0,,,,50.0,8.0,"Action & Adventure, Art House & International, Mystery & Suspense, Science Fiction & Fantasy",104.0,Ringo Lam,,0,,,0,1,0,0,1
Captain America: Civil War,2016,2016-05-06,408084349.0,745211944.0,1153296293.0,250000000.0,903296293.0,3.613185172,91.0,414.0,"Action & Adventure, Science Fiction & Fantasy",146.0,Anthony Russo,Chris Evans Robert Downey Jr. Scarlett Johansson Sebastian Stan Anthony Mackie,0,A,well_known,0,1,0,0,1
Rogue One: A Star Wars Story,2016,2016-12-16,532177324.0,523879949.0,1056057273.0,,,,84.0,446.0,"Action & Adventure, Drama, Science Fiction & Fantasy",134.0,Gareth Edwards (V),,0,,,0,1,1,0,0
Finding Dory,2016,2016-06-17,486295561.0,542275328.0,1028570889.0,,,,94.0,329.0,Animation,103.0,"Andrew Stanton, Angus MacLane",,0,,,1,0,0,0,1
Zootopia,2016,2016-03-04,341268248.0,682515947.0,1023784195.0,,,,98.0,291.0,"Action & Adventure, Animation, Comedy",108.0,"Byron Howard, Rich Moore, Jared Bush",,0,,,1,0,0,0,1
The Jungle Book,2016,2016-04-15,364001123.0,602549477.0,966550600.0,175000000.0,791550600.0,4.523146285714286,94.0,323.0,"Action & Adventure, Kids & Family",105.0,Jon Favreau,Neel Sethi Bill Murray Ben Kingsley Idris Elba Scarlett Johansson,0,A,well_known,0,1,0,0,1
The Secret Life of Pets,2016,2016-07-08,368623860.0,507073607.0,875697467.0,75000000.0,800697467.0,10.675966226666667,73.0,232.0,"Animation, Comedy",91.0,"Yarrow Cheney, Chris Renaud",Louis C.K. Eric Stonestreet Kevin Hart Jenny Slate Lake Bell,0,A,well_known,1,0,0,0,1
Batman v Superman: Dawn of Justice,2016,2016-03-23,330360194.0,544000000.0,874360194.0,250000000.0,624360194.0,2.497440776,28.0,423.0,"Action & Adventure, Science Fiction & Fantasy",153.0,Zack Snyder,Ben Affleck Henry Cavill Gal Gadot Amy Adams Jesse Eisenberg,0,A,well_known,0,1,1,1,0
Fantastic Beasts and Where to Find Them,2016,2016-11-18,234037575.0,582000000.0,816037575.0,,,,74.0,338.0,"Action & Adventure, Kids & Family, Science Fiction & Fantasy",127.0,David Yates (II),,0,,,0,1,0,0,1
Deadpool,2016,2016-02-12,363070709.0,419541446.0,782612155.0,58000000.0,724612155.0,12.493313017241379,85.0,342.0,"Action & Adventure, Comedy, Science Fiction & Fantasy",108.0,,Ryan Reynolds Morena Baccarin Ed Skrein T.J. Miller Gina Carano,0,A,well_known,0,1,0,0,1
Suicide Squad,2016,2016-08-05,325100054.0,424100000.0,749200054.0,175000000.0,574200054.0,3.2811431657142855,26.0,378.0,Action & Adventure,123.0,David Ayer,Will Smith Margot Robbie Joel Kinnaman Viola Davis Jared Leto,0,A,well_known,0,1,0,0,1
Doctor Strange,2016,2016-11-04,232641920.0,445076475.0,677718395.0,,,,89.0,373.0,"Action & Adventure, Science Fiction & Fantasy",115.0,Scott Derrickson,,0,,,0,1,0,0,1
Moana,2016,2016-11-23,248757044.0,394574067.0,643331111.0,,,,95.0,279.0,"Action & Adventure, Animation, Kids & Family",113.0,"Ron Clements, John Musker, Chris Williams (IX), Don Hall",,0,,,1,0,0,0,1
Sing,2016,2016-12-21,270395425.0,363756254.0,634151679.0,,,,72.0,183.0,"Animation, Comedy, Musical & Performing Arts",108.0,"Garth Jennings, Christophe Lourdelet",,0,,,1,0,0,0,1
X-Men: Apocalypse,2016,2016-05-27,155442489.0,388491616.0,543934105.0,178000000.0,365934105.0,2.0558095786516852,47.0,340.0,"Action & Adventure, Science Fiction & Fantasy",143.0,Bryan Singer,James McAvoy Michael Fassbender Jennifer Lawrence Nicholas Hoult Oscar Isaac,0,B,well_known,0,1,1,1,0
Kung Fu Panda 3,2016,2016-01-29,143528619.0,377642206.0,521170825.0,145000000.0,376170825.0,2.594281551724138,87.0,177.0,Animation,95.0,"Alessandro Carloni, Jennifer Yuh Nelson",Jack Black Bryan Cranston Dustin Hoffman Angelina Jolie J.K. Simmons,0,B,well_known,1,0,0,1,0
La La Land,2016,2016-12-09,151101803.0,296305892.0,447407695.0,,,,91.0,458.0,"Comedy, Drama, Musical & Performing Arts",128.0,Damien Chazelle,,0,,,0,1,0,0,1
Warcraft,2016,2016-06-10,47365290.0,391683624.0,439048914.0,160000000.0,279048914.0,1.7440557125,28.0,231.0,"Action & Adventure, Science Fiction & Fantasy",123.0,Duncan Jones,Paula Patton Travis Fimmel Ben Foster Robert Kazinsky Dominic Cooper,0,B,well_known,0,1,0,0,1
Jason Bourne,2016,2016-07-29,162434410.0,253050504.0,415484914.0,120000000.0,295484914.0,2.4623742833333333,54.0,322.0,"Action & Adventure, Drama",123.0,Paul Greengrass,Matt Damon Alicia Vikander Tommy Lee Jones Vincent Cassel Julia Stiles,0,B,well_known,0,1,0,0,1
Ice Age: Collision Course,2016,2016-07-22,64063008.0,344516030.0,408579038.0,,,,18.0,118.0,"Animation, Kids & Family",94.0,Mike Thurmeier,,0,,,1,0,0,0,1
Independence Day: Resurgence,2016,2016-06-24,103144286.0,286537649.0,389681935.0,165000000.0,224681935.0,1.361708696969697,30.0,226.0,"Action & Adventure, Drama, Science Fiction & Fantasy",120.0,Roland Emmerich,Liam Hemsworth Jeff Goldblum Bill Pullman Maika Monroe Sela Ward,0,B,well_known,0,1,0,0,1
The Legend of Tarzan,2016,2016-07-01,126643061.0,230600000.0,357243061.0,180000000.0,177243061.0,0.9846836722222222,36.0,253.0,Action & Adventure,110.0,David Yates (II),Alexander Skarsg\u00e5rd Margot Robbie Christoph Waltz Samuel L. Jackson Djimon Hounsou,0,B,well_known,0,1,0,0,1
The Angry Birds Movie,2016,2016-05-20,107509366.0,244824563.0,352333929.0,73000000.0,279333929.0,3.8264921780821917,43.0,159.0,"Animation, Kids & Family",93.0,"Clay Kaytis, Fergal Reilly",Jason Sudeikis Josh Gad Danny McBride Maya Rudolph Bill Hader,0,B,well_known,1,0,0,0,1
Trolls,2016,2016-11-04,153856089.0,193157398.0,347013487.0,,,,76.0,162.0,"Animation, Kids & Family",88.0,"Mike Mitchell, Walt Dohrn",,0,,,1,0,0,0,1
Star Trek Beyond,2016,2016-07-22,158848340.0,184623476.0,343471816.0,185000000.0,158471816.0,0.8566044108108108,86.0,309.0,"Action & Adventure, Drama, Science Fiction & Fantasy",122.0,Justin Lin,Chris Pine Zachary Quinto Karl Urban Simon Pegg Zoe Saldana,0,B,well_known,0,1,0,0,1
Now You See Me 2,2016,2016-06-10,65075540.0,269822066.0,334897606.0,90000000.0,244897606.0,2.721084511111111,33.0,193.0,Mystery & Suspense,129.0,Jon M. Chu,Jesse Eisenberg Woody Harrelson Mark Ruffalo Dave Franco Morgan Freeman,0,B,well_known,0,1,0,1,0
The Conjuring 2,2016,2016-06-10,102470008.0,218900000.0,321370008.0,40000000.0,281370008.0,7.0342502,80.0,251.0,Horror,133.0,James Wan,Patrick Wilson Vera Farmiga Madison Wolfe Frances O'Connor Lauren Esposito,0,B,well_known,0,1,0,1,0
Passengers,2016,2016-12-21,100014699.0,203129453.0,303144152.0,,,,31.0,281.0,"Action & Adventure, Drama, Science Fiction & Fantasy",111.0,Morten Tyldum,,0,,,0,1,0,0,1
Alice Through the Looking Glass,2016,2016-05-27,77041381.0,222415643.0,299457024.0,170000000.0,129457024.0,0.761511905882353,29.0,254.0,"Action & Adventure, Kids & Family, Science Fiction & Fantasy",113.0,James Bobin,Johnny Depp Mia Wasikowska Anne Hathaway Helena Bonham Carter Alan Rickman,0,B,well_known,0,1,0,0,1
Miss Peregrine's Home for Peculiar Children,2016,2016-09-30,87242834.0,209239612.0,296482446.0,,,,64.0,248.0,"Kids & Family, Science Fiction & Fantasy",121.0,Tim Burton,,0,,,0,1,0,0,1
Teenage Mutant Ninja Turtles: Out of the Shadows,2016,2016-06-03,82051601.0,163572247.0,245623848.0,135000000.0,110623848.0,0.8194359111111111,37.0,171.0,"Action & Adventure, Comedy, Science Fiction & Fantasy",107.0,Dave Green,Megan Fox Stephen Amell Will Arnett Laura Linney Pete Ploszek,0,B,well_known,0,1,0,0,1
Sully,2016,2016-09-09,125070033.0,118800000.0,243870033.0,,,,85.0,341.0,"Action & Adventure, Drama",96.0,Clint Eastwood,,0,,,0,1,0,0,1
Assassin's Creed,2016,2016-12-21,54647948.0,186049908.0,240697856.0,,,,18.0,221.0,"Action & Adventure, Drama",116.0,Justin Kurzel,,0,,,0,1,0,0,1
Ghostbusters,2016,2016-07-15,128350574.0,100796935.0,229147509.0,144000000.0,85147509.0,0.5913021458333333,74.0,384.0,"Action & Adventure, Comedy, Science Fiction & Fantasy",117.0,,Melissa McCarthy Kristen Wiig Kate McKinnon Leslie Jones Chris Hemsworth,0,C,well_known,0,1,0,0,1
Inferno,2016,2016-10-28,34343574.0,185677685.0,220021259.0,,,,23.0,250.0,"Action & Adventure, Drama, Mystery & Suspense",116.0,Ron Howard,,0,,,0,1,0,0,1
Central Intelligence,2016,2016-06-17,127440871.0,89500000.0,216940871.0,50000000.0,166940871.0,3.33881742,71.0,187.0,"Action & Adventure, Comedy",107.0,Rawson Marshall Thurber,Dwayne Johnson Kevin Hart Amy Ryan Aaron Paul Danielle Nicolet,0,C,well_known,0,1,0,0,1
Bridget Jones's Baby,2016,2016-09-16,24252420.0,187700000.0,211952420.0,,,,78.0,209.0,"Comedy, Romance",122.0,Sharon Maguire,,0,,,0,1,0,0,1
Me Before You,2016,2016-06-03,56245075.0,152200000.0,208445075.0,20000000.0,188445075.0,9.42225375,54.0,178.0,Drama,110.0,Thea Sharrock,Emilia Clarke Sam Claflin Janet McTeer Charles Dance Brendan Coyle,0,C,well_known,0,1,0,0,1
London Has Fallen,2016,2016-03-04,62524260.0,143230187.0,205754447.0,60000000.0,145754447.0,2.4292407833333334,28.0,196.0,Action & Adventure,99.0,Babak Najafi,Gerard Butler Aaron Eckhart Morgan Freeman Angela Bassett Melissa Leo,0,C,well_known,0,1,0,0,1
Arrival,2016,2016-11-11,100546139.0,102842047.0,203388186.0,,,,94.0,426.0,"Drama, Mystery & Suspense, Science Fiction & Fantasy",116.0,Denis Villeneuve,,0,,,0,1,0,0,1
The BFG,2016,2016-07-01,55483770.0,139759641.0,195243411.0,140000000.0,55243411.0,0.39459579285714286,74.0,297.0,"Kids & Family, Science Fiction & Fantasy",115.0,Steven Spielberg,Ruby Barnhill Mark Rylance Rebecca Hall Jemaine Clement Bill Hader,0,C,well_known,0,1,0,0,1
Bad Moms,2016,2016-07-29,113257297.0,70678777.0,183936074.0,20000000.0,163936074.0,8.1968037,58.0,169.0,Comedy,101.0,"Jon Lucas, Scott Moore",Mila Kunis Kristen Bell Kathryn Hahn Christina Applegate Jada Pinkett Smith,0,C,well_known,0,1,0,0,1
Storks,2016,2016-09-23,72679278.0,111000000.0,183679278.0,,,,66.0,138.0,"Animation, Comedy, Kids & Family",83.0,"Nicholas Stoller, Doug Sweetland",,0,,,1,0,0,0,1
Hacksaw Ridge,2016,2016-11-04,67209615.0,113354021.0,180563636.0,,,,84.0,277.0,"Action & Adventure, Drama",139.0,Mel Gibson,,0,,,0,1,0,0,1
Operation Mekong,2016,2016-09-30,800012.0,173039060.0,173839072.0,,,,80.0,10.0,"Action & Adventure, Drama",124.0,Dante Lam,,0,,,0,1,0,0,1
The Girl on the Train,2016,2016-10-07,75395035.0,97790824.0,173185859.0,,,,44.0,304.0,"Drama, Mystery & Suspense",112.0,Tate Taylor,,0,,,0,1,0,0,1
The Huntsman: Winter's War,2016,2016-04-22,48390190.0,116599148.0,164989338.0,115000000.0,49989338.0,0.4346898956521739,19.0,215.0,"Action & Adventure, Drama, Science Fiction & Fantasy",114.0,Cedric Nicolas-Troyan,Chris Hemsworth Charlize Theron Emily Blunt Jessica Chastain Nick Frost,0,C,well_known,0,1,0,0,1
The Magnificent Seven,2016,2016-09-23,93432655.0,68927981.0,162360636.0,,,,64.0,311.0,"Action & Adventure, Drama, Western",128.0,Antoine Fuqua,,0,,,0,1,0,0,1
Don't Breathe,2016,2016-08-26,89217875.0,68543127.0,157761002.0,,,,88.0,232.0,"Horror, Mystery & Suspense",88.0,"Fede Alvarez, Federico Álvarez",,0,,,0,1,0,0,1
The Accountant,2016,2016-10-14,86260045.0,69300000.0,155560045.0,,,,52.0,282.0,Drama,128.0,Gavin O'Connor,,0,,,0,1,0,0,1
Lights Out,2016,2016-07-22,67268835.0,82100000.0,149368835.0,4900000.0,144468835.0,29.483435714285715,76.0,176.0,Horror,77.0,David F. Sandberg,Teresa Palmer Maria Bello Gabriel Bateman Alexander DiPersia Alicia Vela-Bailey,0,C,well_known,0,1,0,0,1
Pete's Dragon,2016,2016-08-12,76233151.0,67462187.0,143695338.0,65000000.0,78695338.0,1.2106975076923077,88.0,241.0,Kids & Family,103.0,David Lowery,Bryce Dallas Howard Oakes Fegley Wes Bentley Karl Urban Oona Laurence,0,C,well_known,0,1,0,0,1
Sausage Party,2016,2016-08-12,97685686.0,43019636.0,140705322.0,19000000.0,121705322.0,6.405543263157894,82.0,233.0,"Animation, Comedy",89.0,"Conrad Vernon, Greg Tiernan",Seth Rogen Kristen Wiig Jonah Hill Bill Hader Michael Cera,0,C,well_known,1,0,0,0,1
Lion,2016,2016-11-25,51738905.0,88574023.0,140312928.0,,,,84.0,264.0,Drama,121.0,Garth Davis,,0,,,0,1,0,0,1
Skiptrace,2016,2016-09-02,0.0,136579287.0,136579287.0,,,,38.0,32.0,Action & Adventure,107.0,Renny Harlin,,0,,,0,1,0,0,1
Mechanic: Resurrection,2016,2016-08-26,21218403.0,104511232.0,125729635.0,,,,31.0,59.0,"Action & Adventure, Mystery & Suspense",99.0,Dennis Gansel,,0,,,0,1,0,0,1
Deepwater Horizon,2016,2016-09-30,61433527.0,60356846.0,121790373.0,,,,83.0,260.0,"Action & Adventure, Drama",107.0,Peter Berg,,0,,,0,1,0,0,1
Allied,2016,2016-11-23,40098064.0,79421959.0,119520023.0,,,,60.0,253.0,"Action & Adventure, Drama, Romance",119.0,Robert Zemeckis,,0,,,0,1,0,0,1
The Shallows,2016,2016-06-24,55124043.0,63976715.0,119100758.0,17000000.0,102100758.0,6.005926941176471,78.0,219.0,"Drama, Mystery & Suspense",87.0,Jaume Collet-Serra,Blake Lively \u00d3scar Jaenada Angelo Josue Lozano Corzo Jos\u00e9 Manuel Trujillo Salas Brett Cullen,0,C,well_known,0,1,0,0,1
The Purge: Election Year,2016,2016-07-01,79213375.0,39374505.0,118587880.0,10000000.0,108587880.0,10.858788,56.0,160.0,"Action & Adventure, Horror, Mystery & Suspense",109.0,James DeMonaco,Elizabeth Mitchell Frank Grillo Mykelti Williamson Edwin Hodge Raymond J. Barry,0,C,well_known,0,1,0,0,1
Why Him?,2016,2016-12-23,60323786.0,57778939.0,118102725.0,,,,39.0,155.0,Comedy,111.0,John Hamburg,,0,,,0,1,0,0,1
Office Christmas Party,2016,2016-12-09,54767494.0,59733805.0,114501299.0,,,,41.0,185.0,Comedy,105.0,"Will Speck, Josh Gordon",,0,,,0,1,0,0,1
How to Be Single,2016,2016-02-12,46843513.0,65700000.0,112543513.0,38000000.0,74543513.0,1.961671394736842,47.0,156.0,"Comedy, Romance",110.0,Christian Ditter,Dakota Johnson Rebel Wilson Alison Brie Nicholas Braun Damon Wayans Jr.,0,C,well_known,0,1,0,0,1
10 Cloverfield Lane,2016,2016-03-11,72082998.0,38134000.0,110216998.0,15000000.0,95216998.0,6.347799866666667,90.0,309.0,"Drama, Mystery & Suspense, Science Fiction & Fantasy",103.0,Dan Trachtenberg,Mary Elizabeth Winstead John Goodman John Gallagher Jr. Bradley Cooper Douglas M. Griffin,0,C,well_known,0,1,0,1,0
Neighbors 2: Sorority Rising,2016,2016-05-20,55455765.0,52551344.0,108007109.0,35000000.0,73007109.0,2.0859174,64.0,204.0,Comedy,92.0,Nicholas Stoller,Seth Rogen Rose Byrne Zac Efron Chlo\u00eb Grace Moretz Kiersey Clemons,0,C,well_known,0,1,0,1,0
Cold War 2,2016,2016-07-08,560824.0,102636677.0,103197501.0,,,,56.0,9.0,"Action & Adventure, Mystery & Suspense",114.0,"Sunny Luk, Longman Leung",,0,,,0,1,0,1,0
Dirty Grandpa,2016,2016-01-22,35593113.0,58479915.0,94073028.0,11500000.0,82573028.0,7.180263304347826,11.0,135.0,Comedy,102.0,Dan Mazer,Zac Efron Robert De Niro Julianne Hough Aubrey Plaza Dermot Mulroney,0,C,well_known,0,1,0,0,1
Ben-Hur,2016,2016-08-19,26410477.0,67650834.0,94061311.0,100000000.0,-5938689.0,-0.05938689,25.0,190.0,"Classics, Drama",125.0,,Jack Huston Toby Kebbell Rodrigo Santoro Nazanin Boniadi Ayelet Zurer,0,C,well_known,0,1,0,0,1
Money Monster,2016,2016-05-13,41012075.0,52270529.0,93282604.0,27000000.0,66282604.0,2.4549112592592595,59.0,279.0,Drama,98.0,Jodie Foster,George Clooney Julia Roberts Jack O'Connell Caitriona Balfe Dominic West,0,C,well_known,0,1,0,0,1
My Big Fat Greek Wedding 2,2016,2016-03-25,59689605.0,30943036.0,90632641.0,18000000.0,72632641.0,4.035146722222223,27.0,175.0,Comedy,94.0,Kirk Jones,John Corbett Elena Kampouris Nia Vardalos Ian Gomez John Stamos,0,C,well_known,0,1,0,1,0
Collateral Beauty,2016,2016-12-16,31016021.0,57600000.0,88616021.0,,,,14.0,184.0,Drama,97.0,David Frankel,,0,,,0,1,0,0,1
War Dogs,2016,2016-08-19,43034523.0,43400000.0,86434523.0,,,,61.0,229.0,"Comedy, Drama",114.0,Todd Phillips,,0,,,0,1,0,0,1
Nerve,2016,2016-07-27,38583626.0,46667799.0,85251425.0,20000000.0,65251425.0,3.26257125,67.0,138.0,Mystery & Suspense,96.0,"Ariel Schulman, Henry Joost",Emma Roberts Dave Franco Emily Meade Miles Heizer Juliette Lewis,0,C,well_known,0,1,0,0,1
Ouija: Origin of Evil,2016,2016-10-21,35144505.0,46561241.0,81705746.0,,,,82.0,121.0,"Horror, Mystery & Suspense",99.0,Mike Flanagan,,0,,,0,1,0,0,1
Manchester by the Sea,2016,2016-12-16,47695371.0,31292777.0,78988148.0,,,,96.0,347.0,Drama,137.0,Kenneth Lonergan,,0,,,0,1,0,0,1
The Boss,2016,2016-04-08,63285885.0,15558697.0,78844582.0,29000000.0,49844582.0,1.7187786896551724,21.0,193.0,Comedy,99.0,Ben Falcone,Melissa McCarthy Peter Dinklage Kristen Bell Kathy Bates Kristen Schaal,0,C,well_known,0,1,0,0,1
Mike and Dave Need Wedding Dates,2016,2016-07-08,46009673.0,31058573.0,77068246.0,,,,38.0,170.0,Comedy,98.0,Jake Szymanski,,0,,,0,1,0,0,1
Kubo and the Two Strings,2016,2016-08-19,48023088.0,28226350.0,76249438.0,,,,97.0,219.0,"Action & Adventure, Animation, Science Fiction & Fantasy",102.0,,,0,,,1,0,0,0,1
Miracles from Heaven,2016,2016-03-16,61705123.0,12277880.0,73983003.0,16000000.0,57983003.0,3.6239376875,45.0,93.0,Drama,109.0,Patricia Riggen,Jennifer Garner Kylie Rogers Martin Henderson Brighton Sharbino Courtney Fansler,0,C,well_known,0,1,0,0,1
The Nice Guys,2016,2016-05-20,36261763.0,35000000.0,71261763.0,,,,92.0,313.0,"Comedy, Drama",116.0,Shane Black,,0,,,0,1,0,0,1
Moonlight,2016,2016-10-21,27854932.0,37317679.0,65172611.0,,,,98.0,384.0,Drama,111.0,Barry Jenkins (III),,0,,,0,1,0,0,1
Fences,2016,2016-12-25,57682904.0,6731857.0,64414761.0,,,,92.0,265.0,Drama,133.0,Denzel Washington,,0,,,0,1,0,0,1
"Hail, Caesar!",2016,2016-02-05,30498085.0,33149571.0,63647656.0,22000000.0,41647656.0,1.8930752727272728,85.0,358.0,Comedy,106.0,"Joel Coen, Ethan Coen",Josh Brolin George Clooney Alden Ehrenreich Ralph Fiennes Scarlett Johansson,0,C,well_known,0,1,0,0,1
Nine Lives,2016,2016-08-05,19700032.0,38114413.0,57814445.0,,,,14.0,72.0,Comedy,89.0,Barry Sonnenfeld,,0,,,0,1,0,0,1
Zoolander 2,2016,2016-02-12,28848693.0,27874000.0,56722693.0,50000000.0,6722693.0,0.13445386,22.0,232.0,Comedy,102.0,Ben Stiller,Ben Stiller Owen Wilson Will Ferrell Pen\u00e9lope Cruz Kristen Wiig,0,C,well_known,0,1,0,1,0
Barbershop: The Next Cut,2016,2016-04-15,54030051.0,1600000.0,55630051.0,,,,90.0,93.0,Comedy,112.0,Malcolm D. Lee,,0,,,0,1,0,0,1
The Finest Hours,2016,2016-01-29,27569558.0,24529532.0,52099090.0,80000000.0,-27900910.0,-0.348761375,63.0,197.0,"Action & Adventure, Drama, Mystery & Suspense",116.0,Craig Gillespie,Chris Pine Casey Affleck Ben Foster Eric Bana Holliday Grainger,0,C,well_known,0,1,0,0,1
Florence Foster Jenkins,2016,2016-08-12,27383770.0,21519183.0,48902953.0,29000000.0,19902953.0,0.686308724137931,87.0,229.0,"Comedy, Drama, Musical & Performing Arts",110.0,Stephen Frears,Meryl Streep Hugh Grant Rebecca Ferguson Simon Helberg Nina Arianda,0,C,well_known,0,1,0,0,1
Mother's Day,2016,2016-04-29,32492859.0,16289811.0,48782670.0,,,,8.0,158.0,"Comedy, Drama",118.0,Garry Marshall,,0,,,0,1,0,0,1
Risen,2016,2016-02-19,36880033.0,9552546.0,46432579.0,20000000.0,26432579.0,1.32162895,53.0,130.0,"Action & Adventure, Drama",108.0,Kevin Reynolds,Tom Felton Cliff Curtis Joseph Fiennes Peter Firth Mark Killeen,0,C,well_known,0,1,0,0,1
Eddie the Eagle,2016,2016-02-26,15789389.0,30363411.0,46152800.0,23000000.0,23152800.0,1.0066434782608695,82.0,199.0,Drama,105.0,Dexter Fletcher,Taron Egerton Hugh Jackman Christopher Walken Ania Sowinski Mads Sj\u00f8g\u00e5rd Pettersen,0,C,well_known,0,1,0,0,1
Blair Witch,2016,2016-09-16,20777061.0,24396093.0,45173154.0,,,,37.0,219.0,Horror,89.0,Adam Wingard,,0,,,0,1,0,0,1
Café Society,2016,2016-07-15,11103205.0,32660042.0,43763247.0,,,,71.0,253.0,"Comedy, Romance",96.0,Woody Allen,,0,,,0,1,0,0,1
Almost Christmas,2016,2016-11-11,42158780.0,422140.0,42580920.0,,,,49.0,69.0,Comedy,112.0,David E. Talbert,,0,,,0,1,0,0,1
The Witch,2016,2016-04-01,25138705.0,15285240.0,40423945.0,3500000.0,36923945.0,10.549698571428571,90.0,325.0,Horror,92.0,Robert Eggers,Anya Taylor-Joy Ralph Ineson Kate Dickie Harvey Scrimshaw Ellie Grainger,0,C,well_known,0,1,0,0,1
The Wild Life,2016,2016-09-09,8005586.0,32069860.0,40075446.0,,,,17.0,58.0,"Action & Adventure, Animation, Comedy",90.0,Vincent Kesteloot,,0,,,1,0,0,0,1
The Forest,2016,2016-01-08,26594261.0,13117739.0,39712000.0,10000000.0,29712000.0,2.9712,10.0,137.0,"Drama, Horror",93.0,Jason Zada,Natalie Dormer Taylor Kinney Yukiyoshi Ozawa Eoin Macken Rina Takasaki,0,C,well_known,0,1,0,0,1
Absolutely Fabulous: The Movie,2016,2016-07-22,4772155.0,34446954.0,39219109.0,,,,58.0,151.0,Comedy,86.0,Mandie Fletcher,,0,,,0,1,0,0,1
Hell or High Water,2016,2016-08-12,27007844.0,10872033.0,37879877.0,,,,97.0,280.0,"Drama, Mystery & Suspense",97.0,David Mackenzie,,0,,,0,1,0,0,1
Snowden,2016,2016-09-16,21587519.0,15769697.0,37357216.0,,,,61.0,257.0,Drama,134.0,Oliver Stone,,0,,,0,1,0,0,1
Eye in the Sky,2016,2016-04-01,18704595.0,16555058.0,35259653.0,,,,95.0,216.0,"Drama, Mystery & Suspense",102.0,Gavin Hood,,0,,,0,1,0,0,1
Billy Lynn's Long Halftime Walk,2016,2016-11-18,1738477.0,29192507.0,30930984.0,,,,44.0,158.0,Drama,108.0,Ang Lee,,0,,,0,1,0,0,1
Norm of the North,2016,2016-01-15,17062499.0,13672003.0,30734502.0,,,,9.0,69.0,"Action & Adventure, Animation, Comedy",90.0,Trevor Wall,,0,,,1,0,0,0,1
When the Bough Breaks,2016,2016-09-09,29747603.0,910784.0,30658387.0,,,,12.0,25.0,"Drama, Horror",102.0,Jon Cassar,,0,,,0,1,0,0,1
Nocturnal Animals,2016,2016-12-09,10663357.0,19648500.0,30311857.0,,,,74.0,296.0,"Drama, Mystery & Suspense",116.0,Tom Ford (VIII),,0,,,0,1,0,0,1
Keeping Up with the Joneses,2016,2016-10-21,14904426.0,15014319.0,29918745.0,,,,20.0,122.0,Comedy,100.0,Greg Mottola,,0,,,0,1,0,0,1
Jackie,2016,2016-12-02,13960394.0,15817383.0,29777777.0,,,,87.0,348.0,Drama,99.0,Pablo Larraín,,0,,,0,1,0,0,1
Masterminds,2016,2016-09-30,17368022.0,12306677.0,29674699.0,,,,34.0,98.0,Comedy,95.0,Jared Hess,,0,,,0,1,0,0,1
The Brothers Grimsby,2016,2016-03-11,6874837.0,21104203.0,27979040.0,,,,37.0,137.0,Comedy,83.0,Louis Leterrier,,0,,,0,1,0,0,1
The Light Between Oceans,2016,2016-09-02,12545979.0,13429642.0,25975621.0,,,,61.0,231.0,"Drama, Romance",133.0,Derek Cianfrance,,0,,,0,1,0,0,1
Race,2016,2016-02-19,19206207.0,5864054.0,25070261.0,5000000.0,20070261.0,4.0140522,62.0,156.0,Drama,134.0,Stephen Hopkins,Stephan James Jason Sudeikis Carice van Houten Jeremy Irons Amanda Crew,0,C,well_known,0,1,0,0,1
Free State of Jones,2016,2016-06-24,20810036.0,4225914.0,25035950.0,50000000.0,-24964050.0,-0.499281,47.0,187.0,"Action & Adventure, Drama",139.0,Gary Ross,Matthew McConaughey Gugu Mbatha-Raw Mahershala Ali Keri Russell Jacob Lofland,0,C,well_known,0,1,0,0,1
Whiskey Tango Foxtrot,2016,2016-03-04,23083334.0,1888805.0,24972139.0,,,,68.0,209.0,"Comedy, Drama",111.0,"Glenn Ficarra, John Requa",,0,,,0,1,0,0,1
Soulmate,2016,2016-09-23,0.0,24684439.0,24684439.0,,,,100.0,10.0,"Art House & International, Drama, Romance",110.0,Derek Tsang,,0,,,0,1,0,0,1
God's Not Dead 2,2016,2016-04-01,20774575.0,3713273.0,24487848.0,5000000.0,19487848.0,3.8975696,10.0,40.0,Drama,121.0,Harold Cronk,Hayley Orrantia Melissa Joan Hart Jesse Metcalfe David A.R. White Ray Wise,0,C,well_known,0,1,0,1,0
Bad Santa 2,2016,2016-11-23,17782178.0,6297090.0,24079268.0,,,,24.0,134.0,Comedy,92.0,Mark Waters (VIII),,0,,,0,1,0,1,0
Kevin Hart: What Now?,2016,2016-10-14,23591043.0,0.0,23591043.0,,,,76.0,59.0,Comedy,96.0,"Leslie Small, Tim Story",,0,,,0,1,0,0,1
No Manches Frida,2016,2016-09-02,11528613.0,12012324.0,23540937.0,,,,13.0,8.0,Comedy,100.0,Nacho G. Velilla,,0,,,0,1,0,0,1
Middle School: The Worst Years of My Life,2016,2016-10-07,20007149.0,3308990.0,23316139.0,,,,63.0,43.0,Comedy,92.0,Steve Carr,,0,,,0,1,0,0,1
Triple 9,2016,2016-02-26,12639297.0,10538651.0,23177948.0,20000000.0,3177948.0,0.1588974,54.0,181.0,"Action & Adventure, Drama",115.0,John Hillcoat,Casey Affleck Chiwetel Ejiofor Woody Harrelson Kate Winslet Anthony Mackie,0,C,well_known,0,1,0,1,0
The Choice,2016,2016-02-05,18730891.0,4333124.0,23064015.0,,,,11.0,84.0,"Drama, Romance",111.0,Ross Katz,,0,,,0,1,0,0,1
Beauty and the Beast,2017,2017-03-17,504014165.0,759506961.0,1263521126.0,,,,71.0,374.0,"Drama, Musical & Performing Arts, Science Fiction & Fantasy, Romance",129.0,Bill Condon,,0,,,0,1,0,0,1
The Fate of the Furious,2017,2017-04-14,226008385.0,1009996733.0,1236005118.0,,,,67.0,307.0,"Action & Adventure, Drama",136.0,F. Gary Gray,,0,,,0,1,0,0,1
Despicable Me 3,2017,2017-06-30,264624300.0,770175109.0,1034799409.0,,,,58.0,192.0,"Animation, Comedy, Kids & Family",90.0,"Kyle Balda, Pierre Coffin, Eric Guillon",,0,,,1,0,0,1,0
Jumanji: Welcome to the Jungle,2017,2017-12-20,404515480.0,557562066.0,962077546.0,,,,76.0,232.0,"Action & Adventure, Drama, Kids & Family, Science Fiction & Fantasy",119.0,Jake Kasdan,,0,,,0,1,0,0,1
Spider-Man: Homecoming,2017,2017-07-07,334201140.0,545965784.0,880166924.0,,,,92.0,390.0,"Action & Adventure, Drama, Science Fiction & Fantasy",133.0,Jon Watts,,0,,,0,1,1,0,0
Guardians of the Galaxy Vol. 2,2017,2017-05-05,389813101.0,473942950.0,863756051.0,,,,85.0,415.0,"Action & Adventure, Comedy, Science Fiction & Fantasy",135.0,James Gunn (II),,0,,,0,1,0,1,0
Thor: Ragnarok,2017,2017-11-03,315058289.0,538918837.0,853977126.0,,,,93.0,426.0,"Action & Adventure, Drama, Science Fiction & Fantasy",130.0,Taika Waititi,,0,,,0,1,0,0,1
Wonder Woman,2017,2017-06-02,412563408.0,410400000.0,822963408.0,,,,93.0,458.0,"Action & Adventure, Drama, Science Fiction & Fantasy",141.0,Patty Jenkins,,0,,,0,1,0,0,1
Coco,2017,2017-11-22,210460015.0,604181157.0,814641172.0,,,,97.0,342.0,"Action & Adventure, Animation, Comedy, Kids & Family",109.0,"Lee Unkrich, Adrian Molina",,0,,,1,0,0,0,1
Pirates of the Caribbean: Dead Men Tell No Tales,2017,2017-05-26,172558876.0,622302918.0,794861794.0,,,,29.0,285.0,"Action & Adventure, Drama",123.0,"Espen Sandberg, Joachim Rønning",,0,,,0,1,0,0,1
It,2017,2017-09-08,327481748.0,375300000.0,702781748.0,,,,85.0,377.0,"Drama, Horror, Mystery & Suspense",135.0,Andy Muschietti,,0,,,0,1,0,0,1
Justice League,2017,2017-11-17,229024295.0,432300000.0,661324295.0,,,,40.0,395.0,"Action & Adventure, Drama, Science Fiction & Fantasy",119.0,Zack Snyder,,0,,,0,1,0,0,1
Logan,2017,2017-03-03,226277068.0,392744368.0,619021436.0,,,,93.0,414.0,"Action & Adventure, Drama, Science Fiction & Fantasy",137.0,James Mangold,,0,,,0,1,0,0,1
Transformers: The Last Knight,2017,2017-06-21,130168683.0,475256474.0,605425157.0,,,,15.0,250.0,"Action & Adventure, Drama, Science Fiction & Fantasy",148.0,Michael Bay,,0,,,0,1,1,0,0
Kong: Skull Island,2017,2017-03-10,168052812.0,400600000.0,568652812.0,,,,75.0,384.0,"Action & Adventure, Mystery & Suspense, Science Fiction & Fantasy",118.0,Jordan Vogt-Roberts,,0,,,0,1,0,0,1
The Boss Baby,2017,2017-03-31,175003033.0,352962903.0,527965936.0,,,,53.0,179.0,"Animation, Comedy, Kids & Family",97.0,Tom McGrath,,0,,,1,0,0,0,1
Dunkirk,2017,2017-07-21,188045546.0,338000000.0,526045546.0,,,,92.0,453.0,"Action & Adventure, Drama",107.0,Christopher Nolan,,0,,,0,1,0,0,1
War for the Planet of the Apes,2017,2017-07-14,146880162.0,343839601.0,490719763.0,,,,94.0,353.0,"Action & Adventure, Drama, Science Fiction & Fantasy",142.0,Matt Reeves,,0,,,0,1,0,0,1
The Greatest Showman,2017,2017-12-20,174340174.0,260653009.0,434993183.0,,,,56.0,262.0,"Drama, Musical & Performing Arts",105.0,,,0,,,0,1,0,0,1
Kingsman: The Golden Circle,2017,2017-09-22,100234838.0,310667824.0,410902662.0,,,,51.0,304.0,"Action & Adventure, Comedy",141.0,Matthew Vaughn,,0,,,0,1,0,0,1
The Mummy,2017,2017-06-09,80227895.0,329003712.0,409231607.0,,,,16.0,310.0,"Action & Adventure, Drama, Horror",107.0,Alex Kurtzman,,0,,,0,1,0,0,1
Cars 3,2017,2017-06-16,152901115.0,231029541.0,383930656.0,,,,70.0,227.0,"Animation, Comedy, Kids & Family",109.0,Brian Fee,,0,,,1,0,0,1,0
Fifty Shades Darker,2017,2017-02-10,114581250.0,266964596.0,381545846.0,,,,11.0,203.0,"Drama, Romance",118.0,James Foley,,0,,,0,1,0,0,1
Murder on the Orient Express,2017,2017-11-10,102826543.0,249963268.0,352789811.0,,,,61.0,291.0,"Drama, Mystery & Suspense",114.0,Kenneth Branagh,,0,,,0,1,0,0,1
xXx: Return of Xander Cage,2017,2017-01-20,44898413.0,301219864.0,346118277.0,,,,45.0,148.0,"Action & Adventure, Drama",102.0,D.J. Caruso,,0,,,0,1,0,0,1
The Lego Batman Movie,2017,2017-02-10,175750384.0,136400000.0,312150384.0,,,,90.0,310.0,"Action & Adventure, Animation, Comedy, Kids & Family",106.0,Chris McKay,,0,,,1,0,1,0,0
Annabelle: Creation,2017,2017-08-11,102092201.0,204500000.0,306592201.0,,,,71.0,187.0,"Drama, Horror",109.0,David F. Sandberg,,0,,,0,1,0,0,1
Wonder,2017,2017-11-17,132422809.0,173514909.0,305937718.0,,,,85.0,190.0,Drama,113.0,Stephen Chbosky,,0,,,0,1,0,0,1
Ferdinand,2017,2017-12-15,84410380.0,211658819.0,296069199.0,,,,72.0,120.0,"Animation, Comedy, Drama",108.0,Carlos Saldanha,,0,,,1,0,0,0,1
Split,2017,2017-01-20,138291365.0,140162993.0,278454358.0,,,,77.0,305.0,"Drama, Horror, Mystery & Suspense",117.0,M. Night Shyamalan,,0,,,0,1,0,0,1
Blade Runner 2049,2017,2017-10-06,92054159.0,167100000.0,259154159.0,,,,88.0,435.0,"Action & Adventure, Drama, Science Fiction & Fantasy",164.0,Denis Villeneuve,,0,,,0,1,0,0,1
Get Out,2017,2017-02-24,176040665.0,79367304.0,255407969.0,,,,98.0,386.0,"Horror, Mystery & Suspense",104.0,Jordan Peele,,0,,,0,1,0,0,1
Journey to the West: The Demons Strike Back,2017,2017-02-03,880346.0,246704898.0,247585244.0,,,,58.0,12.0,"Action & Adventure, Comedy, Science Fiction & Fantasy",109.0,Hark Tsui,,0,,,0,1,0,0,1
Alien: Covenant,2017,2017-05-19,74262031.0,166629732.0,240891763.0,,,,65.0,402.0,"Action & Adventure, Mystery & Suspense, Science Fiction & Fantasy",122.0,Ridley Scott,,0,,,0,1,0,0,1
Baby Driver,2017,2017-06-28,107825862.0,119119225.0,226945087.0,,,,92.0,384.0,"Action & Adventure, Drama",113.0,Edgar Wright,,0,,,0,1,0,0,1
Valerian and the City of a Thousand Planets,2017,2017-07-21,41189488.0,184684740.0,225874228.0,,,,48.0,294.0,"Action & Adventure, Drama, Science Fiction & Fantasy",137.0,Luc Besson,,0,,,0,1,0,0,1
Geostorm,2017,2017-10-20,33700160.0,188200000.0,221900160.0,,,,17.0,90.0,"Action & Adventure, Drama, Mystery & Suspense, Science Fiction & Fantasy",109.0,Dean Devlin,,0,,,0,1,0,0,1
The Emoji Movie,2017,2017-07-28,86089513.0,131687133.0,217776646.0,,,,7.0,133.0,"Animation, Comedy, Kids & Family",86.0,Anthony Leondis,,0,,,1,0,0,0,1
A Dog's Purpose,2017,2017-01-27,64508620.0,140527199.0,205035819.0,,,,35.0,147.0,"Comedy, Drama",120.0,Lasse Hallstrom,,0,,,0,1,0,0,1
Smurfs: The Lost Village,2017,2017-04-07,45020282.0,152163264.0,197183546.0,,,,40.0,97.0,"Animation, Comedy, Kids & Family",91.0,Kelly Asbury,,0,,,1,0,0,0,1
The Shape of Water,2017,2017-12-22,63859435.0,131384029.0,195243464.0,,,,92.0,448.0,"Drama, Science Fiction & Fantasy, Romance",123.0,Guillermo del Toro,,0,,,0,1,0,0,1
Pitch Perfect 3,2017,2017-12-22,104897530.0,80502815.0,185400345.0,,,,28.0,148.0,Comedy,94.0,Trish Sie,,0,,,0,1,0,1,0
The Hitman's Bodyguard,2017,2017-08-18,75468583.0,107946600.0,183415183.0,,,,43.0,223.0,"Action & Adventure, Comedy",118.0,Patrick Hughes,,0,,,0,1,0,0,1
Daddy's Home 2,2017,2017-11-10,104029443.0,76583737.0,180613180.0,,,,21.0,129.0,Comedy,98.0,Sean Anders,,0,,,0,1,0,1,0
Baywatch,2017,2017-05-25,58060186.0,119796565.0,177856751.0,,,,17.0,241.0,"Action & Adventure, Comedy",116.0,Seth Gordon,,0,,,0,1,0,0,1
John Wick: Chapter 2,2017,2017-02-10,92029184.0,79510703.0,171539887.0,,,,89.0,274.0,"Action & Adventure, Drama",122.0,Chad Stahelski,,0,,,0,1,0,1,0
Ghost in the Shell,2017,2017-03-31,40563557.0,129238364.0,169801921.0,,,,43.0,293.0,"Action & Adventure, Drama, Science Fiction & Fantasy",107.0,Rupert Sanders,,0,,,0,1,0,0,1
"Three Billboards Outside Ebbing, Missouri",2017,2017-12-01,54513740.0,105546323.0,160060063.0,,,,90.0,405.0,"Comedy, Drama",115.0,Martin McDonagh,,0,,,0,1,0,0,1
Darkest Hour,2017,2017-12-22,56468410.0,94378797.0,150847207.0,,,,84.0,312.0,Drama,125.0,Joe Wright,,0,,,0,1,0,0,1
King Arthur: Legend of the Sword,2017,2017-05-12,39175066.0,110000000.0,149175066.0,,,,30.0,273.0,"Action & Adventure, Drama",126.0,Guy Ritchie,,0,,,0,1,0,0,1
The Foreigner,2017,2017-10-13,34393507.0,110980592.0,145374099.0,,,,65.0,124.0,"Action & Adventure, Drama, Mystery & Suspense",114.0,Martin Campbell,,0,,,0,1,0,0,1
Girls Trip,2017,2017-07-21,115171585.0,25380774.0,140552359.0,,,,91.0,171.0,"Comedy, Drama",122.0,Malcolm D. Lee,,0,,,0,1,0,0,1
American Made,2017,2017-09-29,51342000.0,83524593.0,134866593.0,,,,86.0,267.0,"Action & Adventure, Drama, Mystery & Suspense",115.0,Doug Liman,,0,,,0,1,0,0,1
A Bad Moms Christmas,2017,2017-11-01,72110659.0,58449769.0,130560428.0,,,,32.0,129.0,Comedy,104.0,Jon Lucas,,0,,,0,1,0,0,1
Happy Death Day,2017,2017-10-13,55683845.0,69795421.0,125479266.0,,,,71.0,155.0,Horror,96.0,,,0,,,0,1,0,0,1
The Lego Ninjago Movie,2017,2017-09-22,59281555.0,64400000.0,123681555.0,,,,56.0,134.0,"Action & Adventure, Animation, Comedy, Kids & Family",101.0,Charlie Bean,,0,,,1,0,0,0,1
The Dark Tower,2017,2017-08-04,50701325.0,62529753.0,113231078.0,,,,16.0,273.0,"Horror, Science Fiction & Fantasy, Western",95.0,Nikolaj Arcel,,0,,,0,1,0,0,1
Life,2017,2017-03-24,30234022.0,70307784.0,100541806.0,,,,67.0,252.0,"Action & Adventure, Drama, Science Fiction & Fantasy",103.0,Daniel Espinosa,,0,,,0,1,0,0,1
Atomic Blonde,2017,2017-07-28,51687870.0,48326155.0,100014025.0,,,,78.0,356.0,"Action & Adventure, Drama, Mystery & Suspense",115.0,David Leitch,,0,,,0,1,0,0,1
The Shack,2017,2017-03-03,57386418.0,39555697.0,96942115.0,,,,21.0,72.0,Drama,132.0,Stuart Hazeldine,,0,,,0,1,0,0,1
Chasing the Dragon,2017,2017-09-29,456854.0,87509088.0,87965942.0,,,,57.0,7.0,"Drama, Mystery & Suspense",128.0,"Jason Kwan, Jing Wong",,0,,,0,1,0,0,1
Going in Style,2017,2017-04-07,45018541.0,40200000.0,85218541.0,,,,47.0,170.0,Comedy,96.0,Zach Braff,,0,,,0,1,0,0,1
Rings,2017,2017-02-03,27793018.0,55287872.0,83080890.0,,,,8.0,113.0,"Drama, Horror",97.0,F. Javier Gutiérrez,,0,,,0,1,0,0,1
Lady Bird,2017,2017-11-03,48958273.0,30007338.0,78965611.0,,,,99.0,391.0,"Comedy, Drama",94.0,Greta Gerwig,,0,,,0,1,0,0,1
The Nut Job 2: Nutty by Nature,2017,2017-08-11,28370522.0,40372963.0,68743485.0,,,,14.0,63.0,"Animation, Comedy, Kids & Family",91.0,Cal Brunker,,0,,,1,0,0,1,0
American Assassin,2017,2017-09-15,36249674.0,30984514.0,67234188.0,,,,34.0,175.0,"Action & Adventure, Drama, Mystery & Suspense",111.0,Michael Cuesta,,0,,,0,1,0,0,1
Victoria & Abdul,2017,2017-10-06,22245070.0,44313395.0,66558465.0,,,,65.0,197.0,Drama,110.0,Stephen Frears,,0,,,0,1,0,0,1
The Mountain Between Us,2017,2017-10-06,30348555.0,32483654.0,62832209.0,,,,38.0,171.0,"Drama, Romance",104.0,Hany Abu-Assad,,0,,,0,1,0,0,1
The Star,2017,2017-11-17,40852824.0,21960150.0,62812974.0,,,,42.0,52.0,"Action & Adventure, Animation, Comedy, Kids & Family",86.0,Timothy Reckart,,0,,,1,0,0,0,1
How to Be a Latin Lover,2017,2017-04-28,32149404.0,30397628.0,62547032.0,,,,39.0,31.0,Comedy,115.0,Ken Marino,,0,,,0,1,0,0,1
47 Meters Down,2017,2017-06-16,44307191.0,17880338.0,62187529.0,,,,53.0,156.0,Mystery & Suspense,89.0,Johannes Roberts,,0,,,0,1,0,0,1
"Everything, Everything",2017,2017-05-19,34121140.0,27600000.0,61721140.0,,,,45.0,121.0,"Drama, Romance",96.0,Stella Meghie,,0,,,0,1,0,0,1
Snatched,2017,2017-05-12,45852178.0,14993533.0,60845711.0,,,,36.0,211.0,"Action & Adventure, Comedy",90.0,Jonathan Levine,,0,,,0,1,0,0,1
My Little Pony: The Movie,2017,2017-10-06,21885107.0,38445726.0,60330833.0,,,,46.0,65.0,"Action & Adventure, Animation, Comedy",99.0,Jayson Thiessen,,0,,,1,0,0,0,1
All the Money in the World,2017,2017-12-25,25113707.0,31882597.0,56996304.0,,,,79.0,252.0,"Drama, Mystery & Suspense",132.0,Ridley Scott,,0,,,0,1,0,0,1
The Big Sick,2017,2017-07-14,42873127.0,13538458.0,56411585.0,,,,98.0,299.0,"Comedy, Romance",120.0,Michael Showalter,,0,,,0,1,0,0,1
All Eyez on Me,2017,2017-06-16,44922302.0,10746396.0,55668698.0,,,,18.0,91.0,Drama,140.0,Benny Boom,,0,,,0,1,0,0,1
Downsizing,2017,2017-12-22,24449754.0,30554136.0,55003890.0,,,,46.0,299.0,"Comedy, Drama",135.0,Alexander Payne,,0,,,0,1,0,0,1
Logan Lucky,2017,2017-08-18,27780977.0,20672628.0,48453605.0,,,,92.0,282.0,Comedy,119.0,Steven Soderbergh,,0,,,0,1,0,0,1
Rough Night,2017,2017-06-16,22105643.0,25241640.0,47347283.0,,,,44.0,169.0,Comedy,96.0,Lucia Aniello,,0,,,0,1,0,0,1
Flatliners,2017,2017-09-29,16883115.0,28275139.0,45158254.0,,,,4.0,76.0,"Drama, Horror, Science Fiction & Fantasy",108.0,Niels Arden Oplev,,0,,,0,1,0,0,1
Mother!,2017,2017-09-15,17800004.0,26716995.0,44516999.0,,,,68.0,374.0,"Drama, Horror, Mystery & Suspense",120.0,Darren Aronofsky,,0,,,0,1,0,0,1
Wind River,2017,2017-08-04,33800859.0,10179962.0,43980821.0,,,,88.0,249.0,"Drama, Mystery & Suspense",111.0,Taylor Sheridan,,0,,,0,1,0,0,1
The Snowman,2017,2017-10-20,6700035.0,36384025.0,43084060.0,,,,7.0,196.0,"Drama, Mystery & Suspense",119.0,Tomas Alfredson,,0,,,0,1,0,0,1
Gifted,2017,2017-04-07,24801212.0,18245378.0,43046590.0,,,,73.0,179.0,Drama,101.0,Marc Webb,,0,,,0,1,0,0,1
Loving Vincent,2017,2017-09-22,6735118.0,35452547.0,42187665.0,,,,85.0,158.0,"Animation, Drama",95.0,"Dorota Kobiela, Hugh Welchman",,0,,,1,0,0,0,1
T2 Trainspotting,2017,2017-03-17,2402004.0,39279742.0,41681746.0,,,,81.0,249.0,Drama,117.0,Danny Boyle,,0,,,0,1,0,0,1
Fist Fight,2017,2017-02-17,32187017.0,9000000.0,41187017.0,,,,24.0,131.0,Comedy,91.0,Richie Keen,,0,,,0,1,0,0,1
The Circle,2017,2017-04-28,20497844.0,20158555.0,40656399.0,,,,15.0,142.0,"Drama, Mystery & Suspense",110.0,James Ponsoldt,,0,,,0,1,0,0,1
Diary of a Wimpy Kid: The Long Haul,2017,2017-05-19,20738724.0,19402248.0,40140972.0,,,,18.0,72.0,"Comedy, Kids & Family",91.0,David Bowers,,0,,,0,1,0,0,1
Pokémon the Movie: I Choose You!,2017,2017-11-05,2401722.0,35150422.0,37552144.0,,,,33.0,9.0,,98.0,Kunihiko Yuyama,,0,,,0,1,0,0,1
Home Again,2017,2017-09-08,27020284.0,10250437.0,37270721.0,,,,32.0,138.0,Comedy,97.0,Hallie Meyers-Shyer,,0,,,0,1,0,0,1
The Adventurers,2017,2017-08-18,216556.0,36580260.0,36796816.0,,,,14.0,7.0,Action & Adventure,104.0,Stephen Fung,,0,,,0,1,0,0,1
Kidnap,2017,2017-08-04,30971040.0,3843062.0,34814102.0,,,,36.0,92.0,"Action & Adventure, Drama, Mystery & Suspense",82.0,Luis Prieto,,0,,,0,1,0,0,1
The House,2017,2017-06-30,25584504.0,8700000.0,34284504.0,,,,20.0,81.0,Comedy,88.0,Andrew Jay Cohen,,0,,,0,1,0,0,1
Sleepless,2017,2017-01-13,20783704.0,12133649.0,32917353.0,,,,25.0,61.0,"Action & Adventure, Drama, Mystery & Suspense",95.0,Baran bo Odar,,0,,,0,1,0,0,1
The Bye Bye Man,2017,2017-01-13,22395806.0,7478474.0,29874280.0,,,,19.0,89.0,Horror,96.0,Stacy Title,,0,,,0,1,0,0,1
The Disaster Artist,2017,2017-12-08,21120616.0,8700000.0,29820616.0,,,,91.0,345.0,Comedy,103.0,James Franco,,0,,,0,1,0,0,1
What Happened to Monday,2017,2017-08-18,0.0,27975429.0,27975429.0,,,,58.0,36.0,"Action & Adventure, Drama, Mystery & Suspense, Science Fiction & Fantasy",123.0,Tommy Wirkola,,0,,,0,1,0,0,1
The Beguiled,2017,2017-06-30,10709995.0,17159134.0,27869129.0,,,,79.0,322.0,Drama,94.0,Sofia Coppola,,0,,,0,1,0,0,1
CHIPS,2017,2017-03-24,18600152.0,8200000.0,26800152.0,,,,18.0,111.0,"Action & Adventure, Comedy, Drama",101.0,Dax Shepard,,0,,,0,1,0,0,1
A Cure for Wellness,2017,2017-02-17,8106986.0,18513016.0,26620002.0,,,,42.0,208.0,Mystery & Suspense,140.0,Gore Verbinski,,0,,,0,1,0,0,1
Only the Brave,2017,2017-10-20,18343983.0,8007339.0,26351322.0,,,,87.0,163.0,"Action & Adventure, Drama",134.0,Joseph Kosinski,,0,,,0,1,0,0,1
The Zookeeper's Wife,2017,2017-03-31,17571660.0,8581175.0,26152835.0,,,,63.0,178.0,Drama,125.0,Niki Caro,,0,,,0,1,0,0,1
Father Figures,2017,2017-12-22,17501244.0,8200000.0,25701244.0,,,,17.0,48.0,Comedy,113.0,Lawrence Sher,,0,,,0,1,0,0,1
Wish Upon,2017,2017-07-14,14301505.0,9167081.0,23468586.0,,,,19.0,94.0,Horror,89.0,John R. Leonetti,,0,,,0,1,0,0,1
Detroit,2017,2017-08-04,16790139.0,6564961.0,23355100.0,,,,82.0,300.0,"Drama, Mystery & Suspense",143.0,Kathryn Bigelow,,0,,,0,1,0,0,1
The Glass Castle,2017,2017-08-11,17273059.0,4815474.0,22088533.0,,,,52.0,164.0,Drama,127.0,Destin Daniel Cretton,,0,,,0,1,0,0,1
Avengers: Infinity War,2018,2018-04-27,678815482.0,1369544272.0,2048359754.0,,,,85.0,472.0,"Action & Adventure, Science Fiction & Fantasy",149.0,Anthony Russo,,0,,,0,1,1,0,0
Black Panther,2018,2018-02-16,700059566.0,646853595.0,1346913161.0,,,,96.0,512.0,"Action & Adventure, Drama, Science Fiction & Fantasy",134.0,Ryan Coogler,,0,,,0,1,0,0,1
Jurassic World: Fallen Kingdom,2018,2018-06-22,417719760.0,890748184.0,1308467944.0,,,,47.0,422.0,"Action & Adventure, Drama, Science Fiction & Fantasy",128.0,J.A. Bayona,,0,,,0,1,1,0,0
Incredibles 2,2018,2018-06-15,608581744.0,634223615.0,1242805359.0,,,,93.0,379.0,"Action & Adventure, Animation, Kids & Family",118.0,Brad Bird,,0,,,1,0,0,1,0
Bohemian Rhapsody,2018,2018-11-02,216428042.0,687227217.0,903655259.0,,,,60.0,403.0,Drama,135.0,Bryan Singer,,0,,,0,1,0,0,1
Venom,2018,2018-10-05,213515506.0,642569645.0,856085151.0,,,,30.0,349.0,"Action & Adventure, Drama, Science Fiction & Fantasy",112.0,Ruben Fleischer,,0,,,0,1,0,0,1
Mission: Impossible - Fallout,2018,2018-07-27,220159104.0,570956000.0,791115104.0,,,,97.0,428.0,"Action & Adventure, Drama, Mystery & Suspense",147.0,Christopher McQuarrie,,0,,,0,1,1,0,0
Deadpool 2,2018,2018-05-18,318491426.0,416055185.0,734546611.0,,,,83.0,412.0,"Action & Adventure, Comedy",120.0,David Leitch,,0,,,0,1,0,1,0
Fantastic Beasts: The Crimes of Grindelwald,2018,2018-11-16,159555901.0,496200000.0,655755901.0,,,,36.0,323.0,"Action & Adventure, Kids & Family, Science Fiction & Fantasy",134.0,David Yates (II),,0,,,0,1,0,0,1
Ant-Man and the Wasp,2018,2018-07-06,216648740.0,406025399.0,622674139.0,,,,87.0,426.0,"Action & Adventure, Comedy, Science Fiction & Fantasy",118.0,Peyton Reed,,0,,,0,1,0,0,1
Ready Player One,2018,2018-03-29,137690172.0,445800000.0,583490172.0,,,,72.0,433.0,"Action & Adventure, Science Fiction & Fantasy",140.0,Steven Spielberg,,0,,,0,1,0,0,1
Operation Red Sea,2018,2018-02-23,1543547.0,577786879.0,579330426.0,,,,80.0,10.0,Action & Adventure,139.0,Dante Lam,,0,,,0,1,0,0,1
Ralph Breaks the Internet,2018,2018-11-21,201091711.0,328232251.0,529323962.0,,,,88.0,272.0,"Animation, Comedy, Kids & Family, Science Fiction & Fantasy",112.0,"Phil Johnston, Rich Moore",,0,,,1,0,0,0,1
The Meg,2018,2018-08-10,145443742.0,383800000.0,529243742.0,,,,46.0,300.0,"Action & Adventure, Horror, Science Fiction & Fantasy",113.0,Jon Turteltaub,,0,,,0,1,0,0,1
Hotel Transylvania 3: Summer Vacation,2018,2018-07-13,167510016.0,361073758.0,528583774.0,,,,62.0,118.0,"Animation, Comedy, Kids & Family",97.0,Genndy Tartakovsky,,0,,,1,0,0,1,0
The Grinch,2018,2018-11-09,271478510.0,240975007.0,512453517.0,,,,60.0,190.0,"Animation, Kids & Family, Science Fiction & Fantasy",86.0,"Scott Mosier, Yarrow Cheney",,0,,,1,0,0,0,1
Bumblebee,2018,2018-12-21,127195589.0,340794056.0,467989645.0,,,,91.0,244.0,"Action & Adventure, Science Fiction & Fantasy",114.0,Travis Knight,,0,,,0,1,0,0,1
A Star Is Born,2018,2018-10-05,215288866.0,221100000.0,436388866.0,,,,90.0,517.0,Drama,135.0,Bradley Cooper,,0,,,0,1,0,0,1
Rampage,2018,2018-04-13,101028233.0,327100000.0,428128233.0,,,,51.0,275.0,"Action & Adventure, Drama, Science Fiction & Fantasy",107.0,Brad Peyton,,0,,,0,1,0,0,1
Mamma Mia! Here We Go Again,2018,2018-07-20,120634935.0,274409771.0,395044706.0,,,,79.0,274.0,"Comedy, Musical & Performing Arts",114.0,Ol Parker,,0,,,0,1,0,0,1
Solo: A Star Wars Story,2018,2018-05-25,213767512.0,179157295.0,392924807.0,,,,70.0,474.0,"Action & Adventure, Drama, Science Fiction & Fantasy",135.0,Ron Howard,,0,,,0,1,1,0,0
Spider-Man: Into the Spider-Verse,2018,2018-12-14,190241310.0,185341327.0,375582637.0,,,,97.0,383.0,"Action & Adventure, Animation, Kids & Family, Science Fiction & Fantasy",117.0,"Bob Persichetti, Peter Ramsey, Rodney Rothman",,0,,,1,0,1,0,0
Fifty Shades Freed,2018,2018-02-09,100407760.0,271577258.0,371985018.0,,,,11.0,192.0,Drama,105.0,James Foley,,0,,,0,1,0,0,1
The Nun,2018,2018-09-07,117450119.0,248600000.0,366050119.0,,,,25.0,202.0,Horror,96.0,Corin Hardy,,0,,,0,1,0,0,1
Peter Rabbit,2018,2018-02-09,115253424.0,236013009.0,351266433.0,,,,63.0,146.0,"Action & Adventure, Animation, Comedy, Kids & Family",95.0,Will Gluck,,0,,,1,0,0,0,1
A Quiet Place,2018,2018-04-06,188024361.0,152915000.0,340939361.0,,,,96.0,373.0,"Drama, Horror, Mystery & Suspense",90.0,John Krasinski,,0,,,0,1,0,0,1
Green Book,2018,2018-11-21,85080171.0,236672485.0,321752656.0,,,,77.0,354.0,Drama,130.0,Peter Farrelly,,0,,,0,1,0,0,1
Skyscraper,2018,2018-07-13,68420120.0,236448841.0,304868961.0,,,,48.0,286.0,"Action & Adventure, Drama",102.0,Rawson Marshall Thurber,,0,,,0,1,0,0,1
Maze Runner: The Death Cure,2018,2018-01-26,58032443.0,230142892.0,288175335.0,,,,43.0,169.0,"Action & Adventure, Drama, Science Fiction & Fantasy",142.0,Wes Ball,,0,,,0,1,0,0,1
Tomb Raider,2018,2018-03-16,58250803.0,216700000.0,274950803.0,,,,51.0,315.0,"Action & Adventure, Drama, Science Fiction & Fantasy",118.0,Roar Uthaug,,0,,,0,1,0,0,1
Halloween,2018,2018-10-19,159342015.0,96143163.0,255485178.0,,,,79.0,371.0,Horror,106.0,David Gordon Green,,0,,,0,1,0,0,1
Crazy Rich Asians,2018,2018-08-15,174532921.0,64500000.0,239032921.0,,,,91.0,352.0,Comedy,120.0,Jon M. Chu,,0,,,0,1,0,0,1
Smallfoot,2018,2018-09-28,83240103.0,134700000.0,217940103.0,,,,75.0,126.0,"Action & Adventure, Animation, Comedy, Kids & Family",96.0,Karey Kirkpatrick,,0,,,1,0,0,0,1
Creed II,2018,2018-11-21,115715889.0,98500000.0,214215889.0,,,,83.0,303.0,"Action & Adventure, Drama, Sports & Fitness",130.0,Steven Caple Jr.,,0,,,0,1,0,1,0
Us and Them,2018,2018-03-16,0.0,209221380.0,209221380.0,,,,60.0,20.0,"Art House & International, Horror, Mystery & Suspense",83.0,Joseph Martin,,0,,,0,1,0,0,1
Christopher Robin,2018,2018-08-03,99215042.0,98529335.0,197744377.0,,,,73.0,270.0,"Action & Adventure, Comedy, Kids & Family",104.0,Marc Forster,,0,,,0,1,0,0,1
The Mule,2018,2018-12-14,103804407.0,71000000.0,174804407.0,,,,70.0,189.0,"Drama, Mystery & Suspense",116.0,Clint Eastwood,,0,,,0,1,0,0,1
The Nutcracker and the Four Realms,2018,2018-11-02,54858851.0,119102218.0,173961069.0,,,,32.0,202.0,"Action & Adventure, Kids & Family, Science Fiction & Fantasy",99.0,"Lasse Hallstrom, Joe Johnston",,0,,,0,1,0,0,1
Insidious: The Last Key,2018,2018-01-05,67745330.0,100140258.0,167885588.0,,,,33.0,111.0,Horror,103.0,Adam Robitel,,0,,,0,1,0,0,1
The Predator,2018,2018-09-14,51024708.0,109517426.0,160542134.0,,,,32.0,288.0,"Action & Adventure, Horror, Science Fiction & Fantasy",106.0,Shane Black,,0,,,0,1,0,0,1
Red Sparrow,2018,2018-03-02,46874505.0,104698129.0,151572634.0,,,,45.0,296.0,"Action & Adventure, Drama, Mystery & Suspense",139.0,Francis Lawrence,,0,,,0,1,0,0,1
The First Purge,2018,2018-07-04,69488745.0,67567517.0,137056262.0,,,,56.0,171.0,Horror,97.0,Gerard McMurray,,0,,,0,1,0,0,1
A Wrinkle in Time,2018,2018-03-09,100478608.0,32197256.0,132675864.0,,,,42.0,334.0,"Action & Adventure, Drama, Kids & Family, Science Fiction & Fantasy",109.0,Ava DuVernay,,0,,,0,1,0,0,1
The House with a Clock in Its Walls,2018,2018-09-21,68549695.0,62907452.0,131457147.0,,,,66.0,215.0,"Comedy, Kids & Family, Science Fiction & Fantasy",105.0,Eli Roth,,0,,,0,1,0,0,1
Instant Family,2018,2018-11-16,67363237.0,53192964.0,120556201.0,,,,80.0,152.0,Comedy,119.0,Sean Anders,,0,,,0,1,0,0,1
Game Night,2018,2018-02-23,69179066.0,48500000.0,117679066.0,,,,85.0,252.0,"Comedy, Mystery & Suspense",100.0,"Jonathan M. Goldstein, John Francis Daley",,0,,,0,1,0,0,1
The Monkey King 3,2018,2018-02-16,187074.0,114897502.0,115084576.0,,,,33.0,6.0,"Action & Adventure, Science Fiction & Fantasy",116.0,Pou-Soi Cheang,,0,,,0,1,0,1,0
First Man,2018,2018-10-12,44936545.0,60760870.0,105697415.0,,,,86.0,444.0,Drama,141.0,Damien Chazelle,,0,,,0,1,0,0,1
Book Club,2018,2018-05-18,68566296.0,35871892.0,104438188.0,,,,54.0,184.0,Comedy,104.0,,,0,,,0,1,0,0,1
Night School,2018,2018-09-28,77339130.0,25766748.0,103105878.0,,,,26.0,140.0,Comedy,111.0,Malcolm D. Lee,,0,,,0,1,0,0,1
A Simple Favor,2018,2018-09-14,53548586.0,44096031.0,97644617.0,,,,84.0,247.0,Mystery & Suspense,117.0,Paul Feig,,0,,,0,1,0,0,1
Alpha,2018,2018-08-17,35857181.0,61397147.0,97254328.0,,,,80.0,132.0,"Action & Adventure, Drama, Mystery & Suspense",97.0,Albert Hughes,,0,,,0,1,0,0,1
The Favourite,2018,2018-11-23,34366783.0,61551923.0,95918706.0,,,,93.0,405.0,Drama,120.0,Yorgos Lanthimos,,0,,,0,1,0,0,1
I Feel Pretty,2018,2018-04-20,48795601.0,45743825.0,94539426.0,,,,35.0,226.0,Comedy,110.0,"Abby Kohn, Marc Silverstein",,0,,,0,1,0,0,1
Blockers,2018,2018-04-06,60311495.0,33705799.0,94017294.0,,,,84.0,225.0,Comedy,102.0,Kay Cannon,,0,,,0,1,0,0,1
BlacKkKlansman,2018,2018-08-10,49275340.0,44125483.0,93400823.0,,,,96.0,436.0,"Comedy, Drama",134.0,Spike Lee,,0,,,0,1,0,0,1
Goosebumps 2: Haunted Halloween,2018,2018-10-12,46700633.0,46619747.0,93320380.0,,,,47.0,95.0,"Comedy, Horror, Kids & Family",90.0,Ari Sandel,,0,,,0,1,0,1,0
Overboard,2018,2018-05-04,50316123.0,40928790.0,91244913.0,,,,24.0,89.0,"Comedy, Romance",112.0,Rob Greenberg,,0,,,0,1,0,0,1
Sherlock Gnomes,2018,2018-03-23,43242871.0,47254907.0,90497778.0,,,,27.0,66.0,"Action & Adventure, Animation, Comedy, Kids & Family",86.0,John Stevenson,,0,,,1,0,0,0,1
Robin Hood,2018,2018-11-21,30824628.0,55664403.0,86489031.0,,,,15.0,165.0,"Action & Adventure, Drama",118.0,Otto Bathurst,,0,,,0,1,0,0,1
I Can Only Imagine,2018,2018-03-16,83482352.0,2604529.0,86086881.0,,,,63.0,32.0,"Drama, Kids & Family",110.0,"Jon Erwin, Andrew Erwin",,0,,,0,1,0,0,1
Mortal Engines,2018,2018-12-14,15951040.0,67721633.0,83672673.0,,,,26.0,186.0,"Action & Adventure, Science Fiction & Fantasy",128.0,Christian Rivers,,0,,,0,1,0,0,1
Den of Thieves,2018,2018-01-19,44947622.0,35562000.0,80509622.0,,,,41.0,135.0,"Action & Adventure, Drama",140.0,Christian Gudegast,,0,,,0,1,0,0,1
Hereditary,2018,2018-06-08,44069456.0,35926845.0,79996301.0,,,,89.0,371.0,"Drama, Horror",127.0,Ari Aster,,0,,,0,1,0,0,1
Tag,2018,2018-06-15,54730625.0,23500000.0,78230625.0,,,,56.0,200.0,Comedy,100.0,Jeff Tomsic,,0,,,0,1,0,0,1
Vice,2018,2018-12-25,47836282.0,28237206.0,76073488.0,,,,65.0,359.0,Drama,132.0,Adam McKay,,0,,,0,1,0,0,1
Widows,2018,2018-11-16,42402632.0,33582068.0,75984700.0,,,,91.0,411.0,Drama,128.0,Steve McQueen (III),,0,,,0,1,0,0,1
Sicario: Day of the Soldado,2018,2018-06-29,50072235.0,25765508.0,75837743.0,,,,62.0,285.0,"Action & Adventure, Drama",122.0,Stefano Sollima,,0,,,0,1,0,0,1
Searching,2018,2018-08-31,26020957.0,49441080.0,75462037.0,,,,92.0,248.0,Mystery & Suspense,102.0,Aneesh Chaganty,,0,,,0,1,0,0,1
The Spy Who Dumped Me,2018,2018-08-03,33562069.0,41758611.0,75320680.0,,,,49.0,206.0,"Action & Adventure, Comedy",116.0,Susanna Fogel,,0,,,0,1,0,0,1
Second Act,2018,2018-12-21,39282227.0,33000000.0,72282227.0,,,,44.0,110.0,"Comedy, Romance",104.0,Peter Segal,,0,,,0,1,0,0,1
12 Strong,2018,2018-01-19,45819713.0,21539477.0,67359190.0,,,,50.0,171.0,"Action & Adventure, Drama",130.0,Nicolai Fuglsig,,0,,,0,1,0,0,1
"Love, Simon",2018,2018-03-16,40826341.0,25489948.0,66316289.0,,,,91.0,229.0,Drama,110.0,Greg Berlanti,,0,,,0,1,0,0,1
Mile 22,2018,2018-08-17,36108758.0,30200000.0,66308758.0,,,,23.0,189.0,Action & Adventure,95.0,Peter Berg,,0,,,0,1,0,0,1
Life of the Party,2018,2018-05-11,53059911.0,12600000.0,65659911.0,,,,38.0,151.0,Comedy,105.0,Ben Falcone,,0,,,0,1,0,0,1
Isle of Dogs,2018,2018-04-13,32015231.0,32226268.0,64241499.0,,,,90.0,358.0,"Action & Adventure, Animation, Comedy",101.0,Wes Anderson,,0,,,1,0,0,0,1
Adrift,2018,2018-06-01,31445012.0,28500000.0,59945012.0,,,,69.0,197.0,"Drama, Romance",120.0,Baltasar Kormákur,,0,,,0,1,0,0,1
The 15:17 to Paris,2018,2018-02-09,36276286.0,20900000.0,57176286.0,,,,23.0,165.0,Drama,94.0,Clint Eastwood,,0,,,0,1,0,0,1
Early Man,2018,2018-02-16,8267544.0,46355270.0,54622814.0,,,,80.0,174.0,"Animation, Comedy, Kids & Family",89.0,,,0,,,1,0,0,0,1
Peppermint,2018,2018-09-07,35418723.0,18500000.0,53918723.0,,,,12.0,144.0,"Action & Adventure, Mystery & Suspense",102.0,Pierre Morel,,0,,,0,1,0,0,1
Teen Titans GO! To the Movies,2018,2018-07-27,29790236.0,22600000.0,52390236.0,,,,91.0,132.0,"Action & Adventure, Animation, Kids & Family",87.0,"Aaron Horvath, Peter Rida Michail",,0,,,1,0,0,0,1
Slender Man,2018,2018-08-10,30569484.0,21169065.0,51738549.0,,,,8.0,79.0,Horror,93.0,Sylvain White,,0,,,0,1,0,0,1
Breaking In,2018,2018-05-11,46840590.0,4571030.0,51411620.0,,,,27.0,107.0,Mystery & Suspense,88.0,James McTeigue,,0,,,0,1,0,0,1
Death Wish,2018,2018-03-02,34017028.0,15545682.0,49562710.0,,,,18.0,161.0,"Action & Adventure, Drama, Mystery & Suspense",107.0,Eli Roth,,0,,,0,1,0,0,1
Mary Queen of Scots,2018,2018-12-07,16468499.0,30244310.0,46712809.0,,,,62.0,282.0,Drama,124.0,Josie Rourke,,0,,,0,1,0,0,1
Uncle Drew,2018,2018-06-29,42469946.0,4194468.0,46664414.0,,,,61.0,97.0,Comedy,104.0,Charles Stone III,,0,,,0,1,0,0,1
Winchester,2018,2018-02-02,25091816.0,18927772.0,44019588.0,,,,13.0,130.0,"Drama, Mystery & Suspense, Science Fiction & Fantasy",99.0,"Michael Spierig, Peter Spierig",,0,,,0,1,0,0,1
Annihilation,2018,2018-02-23,32732301.0,10338614.0,43070915.0,,,,88.0,313.0,"Action & Adventure, Drama, Science Fiction & Fantasy",115.0,Alex Garland,,0,,,0,1,0,0,1
The Possession of Hannah Grace,2018,2018-11-30,14837422.0,28179106.0,43016528.0,,,,18.0,55.0,"Horror, Mystery & Suspense",85.0,Diederik Van Rooijen,,0,,,0,1,0,0,1
Overlord,2018,2018-11-09,21704844.0,19953000.0,41657844.0,,,,81.0,221.0,"Action & Adventure, Horror, Mystery & Suspense",110.0,Julius Avery,,0,,,0,1,0,0,1
The Darkest Minds,2018,2018-08-03,12695691.0,28446688.0,41142379.0,,,,16.0,140.0,"Mystery & Suspense, Science Fiction & Fantasy",104.0,Jennifer Yuh Nelson,,0,,,0,1,0,0,1
Show Dogs,2018,2018-05-18,17857020.0,21299834.0,39156854.0,,,,16.0,63.0,"Comedy, Kids & Family",92.0,Raja Gosnell,,0,,,0,1,0,0,1
The Girl in the Spider's Web,2018,2018-11-09,14841338.0,20323582.0,35164920.0,,,,39.0,236.0,Drama,117.0,Fede Alvarez,,0,,,0,1,0,0,1
The Hate U Give,2018,2018-10-19,29719483.0,5214526.0,34934009.0,,,,97.0,220.0,Drama,133.0,George Tillman Jr.,,0,,,0,1,0,0,1
Nobody's Fool,2018,2018-11-02,31713110.0,1992223.0,33705333.0,,,,24.0,42.0,Comedy,110.0,Tyler Perry,,0,,,0,1,0,0,1
The Hurricane Heist,2018,2018-03-09,6115825.0,26401423.0,32517248.0,,,,47.0,59.0,"Action & Adventure, Drama, Mystery & Suspense",103.0,Rob Cohen,,0,,,0,1,0,0,1
Bad Times at the El Royale,2018,2018-10-12,17839115.0,14043609.0,31882724.0,,,,74.0,250.0,Mystery & Suspense,141.0,Drew Goddard,,0,,,0,1,0,0,1
Hunter Killer,2018,2018-10-26,15767460.0,15905218.0,31672678.0,,,,36.0,110.0,"Action & Adventure, Drama, Mystery & Suspense",121.0,Donovan Marsh,,0,,,0,1,0,0,1
Super Troopers 2,2018,2018-04-20,30617396.0,1008990.0,31626386.0,,,,36.0,98.0,Comedy,103.0,Jay Chandrasekhar,,0,,,0,1,0,1,0
The Strangers: Prey at Night,2018,2018-03-09,24586708.0,6452418.0,31039126.0,,,,39.0,122.0,Horror,85.0,Johannes Roberts,,0,,,0,1,0,0,1
Free Solo,2018,2018-09-28,17541090.0,11849189.0,29390279.0,,,,97.0,153.0,Documentary,100.0,"Elizabeth Chai Vasarhelyi, Jimmy Chin",,0,,,0,1,0,0,1
Mirai,2018,2018-11-29,812794.0,27944167.0,28756961.0,,,,90.0,83.0,"Animation, Anime & Manga, Art House & International, Kids & Family",98.0,Mamoru Hosoda,,0,,,1,0,0,0,1
The Happytime Murders,2018,2018-08-24,20706452.0,6800000.0,27506452.0,,,,23.0,243.0,"Action & Adventure, Comedy",91.0,Brian Henson,,0,,,0,1,0,0,1
Midnight Sun,2018,2018-03-23,9561064.0,17804403.0,27365467.0,,,,21.0,61.0,"Drama, Romance",91.0,Scott Speer,,0,,,0,1,0,0,1
White Boy Rick,2018,2018-09-14,24011188.0,1946294.0,25957482.0,,,,58.0,153.0,Drama,111.0,Yann Demange,,0,,,0,1,0,0,1
"Paul, Apostle of Christ",2018,2018-03-23,17560475.0,8355491.0,25915966.0,,,,46.0,39.0,Drama,108.0,Andrew Hyatt,,0,,,0,1,0,0,1
Pokémon the Movie: The Power of Us,2018,2018-11-24,789170.0,22951618.0,23740788.0,,,,71.0,7.0,Special Interest,113.0,Tetsuo Yajima,,0,,,0,1,0,0,1
The Guernsey Literary and Potato Peel Pie Society,2018,2018-04-20,0.0,23148937.0,23148937.0,,,,80.0,71.0,Drama,124.0,Mike Newell,,0,,,0,1,0,0,1
Won't You Be My Neighbor?,2018,2018-06-08,22835787.0,8954.0,22844741.0,,,,97.0,249.0,Documentary,94.0,Morgan Neville,,0,,,0,1,0,0,1
Avengers: Endgame,2019,2019-04-26,858373000.0,1941066100.0,2799439100.0,,,,94.0,528.0,"Action & Adventure, Drama, Science Fiction & Fantasy",181.0,Anthony Russo,,0,,,0,1,1,0,0
The Lion King,2019,2019-07-19,543638043.0,1113305351.0,1656943394.0,,,,52.0,424.0,"Action & Adventure, Animation, Drama",118.0,,,0,,,1,0,0,0,1
Frozen II,2019,2019-11-21,477373578.0,972653355.0,1450026933.0,,,,77.0,325.0,"Action & Adventure, Animation, Comedy, Kids & Family",103.0,"Jennifer Lee, Chris Buck",,0,,,1,0,0,1,0
Spider-Man: Far from Home,2019,2019-07-02,390532085.0,741395911.0,1131927996.0,,,,90.0,441.0,"Action & Adventure, Science Fiction & Fantasy",129.0,Jon Watts,,0,,,0,1,1,0,0
Captain Marvel,2019,2019-03-08,426829839.0,701444955.0,1128274794.0,,,,79.0,523.0,"Action & Adventure, Science Fiction & Fantasy",124.0,"Anna Boden, Ryan Fleck",,0,,,0,1,1,0,0
Joker,2019,2019-10-04,335451311.0,743300000.0,1078751311.0,,,,68.0,574.0,"Action & Adventure, Drama, Mystery & Suspense",122.0,Todd Phillips,,0,,,0,1,0,0,1
Toy Story 4,2019,2019-06-21,434038008.0,639356585.0,1073394593.0,,,,97.0,443.0,"Animation, Comedy, Kids & Family, Science Fiction & Fantasy",100.0,Josh Cooley,,0,,,1,0,0,1,0
Aladdin,2019,2019-05-24,355559216.0,695134737.0,1050693953.0,,,,57.0,370.0,"Action & Adventure, Kids & Family, Science Fiction & Fantasy",128.0,Guy Ritchie,,0,,,0,1,0,0,1
Jumanji: The Next Level,2019,2019-12-13,320314960.0,481378969.0,801693929.0,,,,72.0,240.0,"Action & Adventure, Comedy",123.0,Jake Kasdan,,0,,,0,1,0,0,1
Fast & Furious Presents: Hobbs & Shaw,2019,2019-08-02,173956935.0,586775991.0,760732926.0,,,,67.0,337.0,"Action & Adventure, Mystery & Suspense",138.0,David Leitch,,0,,,0,1,1,0,0
Ne Zha,2019,2019-08-29,3695533.0,722329335.0,726024868.0,,,,88.0,17.0,"Action & Adventure, Animation, Science Fiction & Fantasy",110.0,Yu Yang,,0,,,1,0,0,0,1
How to Train Your Dragon: The Hidden World,2019,2019-02-22,160799505.0,361000000.0,521799505.0,,,,90.0,263.0,"Action & Adventure, Animation, Kids & Family",104.0,Dean DeBlois,,0,,,1,0,0,0,1
Maleficent: Mistress of Evil,2019,2019-10-18,113929605.0,377800484.0,491730089.0,,,,40.0,251.0,"Action & Adventure, Science Fiction & Fantasy",118.0,Joachim Rønning,,0,,,0,1,0,0,1
It Chapter Two,2019,2019-09-06,211593228.0,261500000.0,473093228.0,,,,63.0,367.0,Horror,169.0,Andy Muschietti,,0,,,0,1,0,0,1
The Secret Life of Pets 2,2019,2019-06-07,158980250.0,272184209.0,431164459.0,,,,60.0,159.0,"Animation, Comedy",86.0,"Chris Renaud, Jonathan Del Val",,0,,,1,0,0,1,0
The Captain,2019,2019-10-18,706572.0,417156973.0,417863545.0,,,,75.0,8.0,"Action & Adventure, Drama",111.0,Wai-keung Lau,,0,,,0,1,0,0,1
Alita: Battle Angel,2019,2019-02-14,85838210.0,319142333.0,404980543.0,,,,61.0,324.0,"Action & Adventure, Romance",122.0,Robert Rodriguez,,0,,,0,1,0,0,1
Godzilla: King of the Monsters,2019,2019-05-31,110500138.0,276800000.0,387300138.0,,,,43.0,338.0,"Action & Adventure, Science Fiction & Fantasy",132.0,Michael Dougherty,,0,,,0,1,0,0,1
Shazam!,2019,2019-04-05,140371656.0,225600000.0,365971656.0,,,,90.0,404.0,"Action & Adventure, Science Fiction & Fantasy",132.0,David F. Sandberg,,0,,,0,1,0,0,1
Dumbo,2019,2019-03-29,114766307.0,238518314.0,353284621.0,,,,46.0,363.0,"Animation, Kids & Family, Science Fiction & Fantasy",112.0,Tim Burton,,0,,,1,0,0,0,1
John Wick: Chapter 3 - Parabellum,2019,2019-05-17,171015687.0,156761648.0,327777335.0,,,,90.0,343.0,"Action & Adventure, Drama",131.0,Chad Stahelski,,0,,,0,1,0,1,0
Knives Out,2019,2019-11-27,165363234.0,147534686.0,312897920.0,,,,97.0,454.0,"Drama, Mystery & Suspense",130.0,Rian Johnson,,0,,,0,1,0,0,1
Terminator: Dark Fate,2019,2019-11-01,62253077.0,198866215.0,261119292.0,,,,70.0,335.0,"Action & Adventure, Drama, Science Fiction & Fantasy",128.0,,,0,,,0,1,0,0,1
Us,2019,2019-03-22,175084580.0,80938127.0,256022707.0,,,,93.0,535.0,"Horror, Mystery & Suspense",116.0,Jordan Peele,,0,,,0,1,0,0,1
Glass,2019,2019-01-18,111048468.0,135950571.0,246999039.0,,,,37.0,386.0,"Drama, Mystery & Suspense",129.0,M. Night Shyamalan,,0,,,0,1,0,0,1
Annabelle Comes Home,2019,2019-06-26,74152591.0,157100000.0,231252591.0,,,,64.0,203.0,"Horror, Mystery & Suspense",106.0,Gary Dauberman,,0,,,0,1,0,0,1
Better Days,2019,2019-11-08,1921657.0,225391987.0,227313644.0,,,,100.0,15.0,Drama,135.0,Kwok Cheung Tsang,,0,,,0,1,0,0,1
The Addams Family,2019,2019-10-11,100044905.0,103000000.0,203044905.0,,,,44.0,154.0,"Animation, Comedy",87.0,"Conrad Vernon, Greg Tiernan",,0,,,1,0,0,0,1
Rocketman,2019,2019-05-31,96368160.0,98952240.0,195320400.0,,,,89.0,377.0,Drama,121.0,Dexter Fletcher,,0,,,0,1,0,0,1
Downton Abbey,2019,2019-09-20,96853865.0,97840860.0,194694725.0,,,,84.0,249.0,Drama,122.0,Michael Engler,,0,,,0,1,0,0,1
The Lego Movie 2: The Second Part,2019,2019-02-08,105806508.0,86500000.0,192306508.0,,,,85.0,293.0,"Animation, Comedy",107.0,Mike Mitchell,,0,,,1,0,0,1,0
Abominable,2019,2019-09-27,60716390.0,127907127.0,188623517.0,,,,81.0,164.0,"Action & Adventure, Animation, Comedy",97.0,Jill Culton,,0,,,1,0,0,0,1
Ip Man 4: The Finale,2019,2019-12-25,3956031.0,172389935.0,176345966.0,,,,87.0,31.0,"Action & Adventure, Drama",105.0,Wilson Yip,,0,,,0,1,0,1,0
Gemini Man,2019,2019-10-11,48546770.0,124922746.0,173469516.0,,,,26.0,306.0,"Action & Adventure, Mystery & Suspense, Science Fiction & Fantasy",117.0,Ang Lee,,0,,,0,1,0,0,1
Spies in Disguise,2019,2019-12-25,66757013.0,104859751.0,171616764.0,,,,76.0,119.0,"Action & Adventure, Animation, Comedy, Kids & Family",102.0,"Troy Quane, Nick Bruno",,0,,,1,0,0,0,1
Hustlers,2019,2019-09-13,104963598.0,52600000.0,157563598.0,,,,87.0,339.0,Drama,110.0,Lorene Scafaria,,0,,,0,1,0,0,1
The Climbers,2019,2019-09-30,487157.0,156405709.0,156892866.0,,,,33.0,6.0,"Action & Adventure, Drama",125.0,Daniel Lee,,0,,,0,1,0,0,1
Escape Room,2019,2019-01-04,57005601.0,98706476.0,155712077.0,,,,51.0,157.0,"Action & Adventure, Mystery & Suspense",100.0,Adam Robitel,,0,,,0,1,0,0,1
Yesterday,2019,2019-06-28,73286650.0,81322206.0,154608856.0,,,,63.0,349.0,"Comedy, Science Fiction & Fantasy, Romance",116.0,Danny Boyle,,0,,,0,1,0,0,1
The Angry Birds Movie 2,2019,2019-08-13,41667116.0,106124931.0,147792047.0,,,,73.0,110.0,"Action & Adventure, Animation",96.0,Thurop Van Orman,,0,,,1,0,0,1,0
Angel Has Fallen,2019,2019-08-23,69030436.0,77631541.0,146661977.0,,,,39.0,183.0,"Action & Adventure, Drama, Mystery & Suspense",121.0,Ric Roman Waugh,,0,,,0,1,0,0,1
Ad Astra,2019,2019-09-20,50188370.0,77273502.0,127461872.0,,,,83.0,375.0,"Mystery & Suspense, Science Fiction & Fantasy",124.0,James Gray,,0,,,0,1,0,0,1
The Upside,2019,2019-01-11,108252517.0,17600000.0,125852517.0,,,,42.0,184.0,"Comedy, Drama",126.0,Neil Burger,,0,,,0,1,0,0,1
The Curse of La Llorona,2019,2019-04-19,54733739.0,68500000.0,123233739.0,,,,28.0,183.0,Horror,93.0,Michael Chaves,,0,,,0,1,0,0,1
Zombieland: Double Tap,2019,2019-10-18,73123082.0,49687317.0,122810399.0,,,,68.0,244.0,"Action & Adventure, Comedy, Horror",99.0,Ruben Fleischer,,0,,,0,1,0,0,1
Dora and the Lost City of Gold,2019,2019-08-09,60477943.0,60119165.0,120597108.0,,,,85.0,150.0,"Action & Adventure, Kids & Family",102.0,James Bobin,,0,,,0,1,0,0,1
Wonder Park,2019,2019-03-15,45216793.0,74342317.0,119559110.0,,,,34.0,106.0,"Animation, Comedy, Kids & Family",85.0,,,0,,,1,0,0,0,1
Pet Sematary,2019,2019-04-05,54724696.0,58393530.0,113118226.0,,,,58.0,272.0,Horror,101.0,"Kevin Kölsch, Dennis Widmyer",,0,,,0,1,0,0,1
Good Boys,2019,2019-08-16,83140306.0,28033292.0,111173598.0,,,,80.0,242.0,Comedy,95.0,Gene Stupnitsky,,0,,,0,1,0,0,1
Scary Stories to Tell in the Dark,2019,2019-08-09,68947075.0,35598430.0,104545505.0,,,,78.0,229.0,Horror,111.0,André Øvredal,,0,,,0,1,0,0,1
The Hustle,2019,2019-05-10,35417038.0,61992741.0,97409779.0,,,,13.0,165.0,Comedy,94.0,Chris Addison,,0,,,0,1,0,0,1
Five Feet Apart,2019,2019-03-15,45729221.0,46824988.0,92554209.0,,,,53.0,121.0,"Drama, Romance",116.0,Justin Baldoni,,0,,,0,1,0,0,1
Crawl,2019,2019-07-12,39014193.0,52527904.0,91542097.0,,,,83.0,199.0,Horror,87.0,Alex Aja,,0,,,0,1,0,0,1
Rambo: Last Blood,2019,2019-09-20,44819352.0,46671001.0,91490353.0,,,,26.0,170.0,"Action & Adventure, Mystery & Suspense",89.0,Adrian Grunberg,,0,,,0,1,0,0,1
A Dog's Way Home,2019,2019-01-11,42004346.0,38703788.0,80708134.0,,,,59.0,79.0,Drama,96.0,Charles Martin Smith,,0,,,0,1,0,0,1
A Dog's Journey,2019,2019-05-17,22782371.0,56088537.0,78870908.0,,,,50.0,84.0,"Drama, Kids & Family",108.0,Gail Mancuso,,0,,,0,1,0,0,1
Cold Pursuit,2019,2019-02-08,32138862.0,44280893.0,76419755.0,,,,69.0,183.0,"Action & Adventure, Drama, Mystery & Suspense",118.0,Hans Petter Moland,,0,,,0,1,0,0,1
Cats,2019,2019-12-20,27166770.0,48392155.0,75558925.0,,,,20.0,319.0,"Comedy, Drama, Musical & Performing Arts",110.0,Tom Hooper,,0,,,0,1,0,0,1
Charlie's Angels,2019,2019-11-14,17803077.0,55476811.0,73279888.0,,,,52.0,227.0,"Action & Adventure, Comedy",118.0,Elizabeth Banks,,0,,,0,1,0,0,1
What Men Want,2019,2019-02-08,54611903.0,17604391.0,72216294.0,,,,42.0,146.0,Comedy,117.0,Adam Shankman,,0,,,0,1,0,0,1
After,2019,2019-04-12,12138565.0,57359022.0,69497587.0,,,,19.0,37.0,"Drama, Romance",106.0,Jenny Gage,,0,,,0,1,0,0,1
Happy Death Day 2U,2019,2019-02-13,28148130.0,36452022.0,64600152.0,,,,71.0,204.0,Horror,100.0,,,0,,,0,1,0,0,1
Bombshell,2019,2019-12-20,31762808.0,29641586.0,61404394.0,,,,69.0,318.0,Drama,108.0,Jay Roach,,0,,,0,1,0,0,1
Ma,2019,2019-05-31,45896028.0,15324756.0,61220784.0,,,,55.0,204.0,"Horror, Mystery & Suspense",99.0,Tate Taylor,,0,,,0,1,0,0,1
Ready or Not,2019,2019-08-21,28714231.0,28901546.0,57615777.0,,,,88.0,299.0,"Horror, Mystery & Suspense",95.0,"Matt Bettinelli-Olpin, Tyler Gillett",,0,,,0,1,0,0,1
Hellboy,2019,2019-04-12,21903748.0,33160942.0,55064690.0,,,,18.0,215.0,"Action & Adventure, Science Fiction & Fantasy",120.0,Neil Marshall,,0,,,0,1,0,0,1
Long Shot,2019,2019-05-03,30316271.0,23557538.0,53873809.0,,,,81.0,293.0,Comedy,123.0,Jonathan Levine,,0,,,0,1,0,0,1
Breakthrough,2019,2019-04-17,40713082.0,9731276.0,50444358.0,,,,63.0,64.0,Drama,116.0,Roxann Dawson,,0,,,0,1,0,0,1
Uncut Gems,2019,2019-12-25,50023780.0,0.0,50023780.0,,,,92.0,331.0,Drama,135.0,"Josh Safdie, Benny Safdie",,0,,,0,1,0,0,1
Little,2019,2019-04-12,40860481.0,8126615.0,48987096.0,,,,46.0,157.0,Comedy,109.0,Tina Gordon Chism,,0,,,0,1,0,0,1
Isn't It Romantic,2019,2019-02-13,48791187.0,0.0,48791187.0,,,,70.0,175.0,"Comedy, Romance",88.0,Todd Strauss-Schulson,,0,,,0,1,0,0,1
Countdown,2019,2019-10-25,25621766.0,22400000.0,48021766.0,,,,26.0,70.0,"Horror, Mystery & Suspense",90.0,Justin Dec,,0,,,0,1,0,0,1
Midsommar,2019,2019-07-03,27426361.0,20445607.0,47871968.0,,,,83.0,387.0,Horror,145.0,Ari Aster,,0,,,0,1,0,0,1
Queen & Slim,2019,2019-11-27,43808310.0,4025815.0,47834125.0,,,,82.0,217.0,Drama,132.0,Melina Matsoukas,,0,,,0,1,0,0,1
47 Meters Down: Uncaged,2019,2019-08-16,22260900.0,25321663.0,47582563.0,,,,45.0,89.0,Mystery & Suspense,89.0,Johannes Roberts,,0,,,0,1,0,0,1
Judy,2019,2019-09-27,24313888.0,21387992.0,45701880.0,,,,82.0,327.0,"Drama, Musical & Performing Arts",118.0,Rupert Goold,,0,,,0,1,0,0,1
Child's Play,2019,2019-06-21,29208403.0,15698671.0,44907074.0,,,,63.0,202.0,Horror,90.0,Lars Klevberg,,0,,,0,1,0,0,1
Richard Jewell,2019,2019-12-13,22345542.0,22300000.0,44645542.0,,,,77.0,289.0,Drama,131.0,Clint Eastwood,,0,,,0,1,0,0,1
Fighting with My Family,2019,2019-02-22,22958886.0,18544506.0,41503392.0,,,,92.0,234.0,Comedy,107.0,Stephen Merchant,,0,,,0,1,0,0,1
Overcomer,2019,2019-08-23,34746945.0,3279158.0,38026103.0,,,,53.0,17.0,Drama,115.0,Alex Kendrick,,0,,,0,1,0,0,1
The Intruder,2019,2019-05-03,35419122.0,1180239.0,36599361.0,,,,33.0,99.0,Mystery & Suspense,102.0,Deon Taylor,,0,,,0,1,0,0,1
The Art of Racing in the Rain,2019,2019-08-09,26395642.0,7371145.0,33766787.0,,,,43.0,117.0,Drama,109.0,Simon Curtis,,0,,,0,1,0,0,1
Brightburn,2019,2019-05-24,17300439.0,15924215.0,33224654.0,,,,58.0,203.0,"Horror, Science Fiction & Fantasy",91.0,David Yarovesky,,0,,,0,1,0,0,1
UglyDolls,2019,2019-05-03,20150241.0,12300000.0,32450241.0,,,,27.0,86.0,"Action & Adventure, Animation, Comedy, Musical & Performing Arts",87.0,Kelly Asbury,,0,,,1,0,0,0,1
Stuber,2019,2019-07-12,22370452.0,10020493.0,32390945.0,,,,41.0,221.0,"Action & Adventure, Comedy",93.0,Michael Dowse,,0,,,0,1,0,0,1
The Kid Who Would Be King,2019,2019-01-25,16790790.0,15350180.0,32140970.0,,,,89.0,187.0,"Action & Adventure, Kids & Family, Science Fiction & Fantasy",120.0,Joe Cornish,,0,,,0,1,0,0,1
Anna,2019,2019-06-21,7743794.0,23883184.0,31626978.0,,,,33.0,69.0,"Action & Adventure, Mystery & Suspense",119.0,Luc Besson,,0,,,0,1,0,0,1
Missing Link,2019,2019-04-12,16649539.0,9916171.0,26565710.0,,,,89.0,168.0,"Action & Adventure, Animation, Comedy",94.0,Chris Butler,,0,,,1,0,0,0,1
No Manches Frida 2,2019,2019-03-15,9270920.0,17222728.0,26493648.0,,,,13.0,8.0,Comedy,102.0,Nacho G. Velilla,,0,,,0,1,0,1,0
"The Gangster, the Cop, the Devil",2019,2019-06-07,216494.0,25558877.0,25775371.0,,,,97.0,33.0,"Action & Adventure, Mystery & Suspense",110.0,Lee Won-Tae,,0,,,0,1,0,0,1
Booksmart,2019,2019-05-24,22680962.0,2278645.0,24959607.0,,,,96.0,359.0,Comedy,102.0,Olivia Wilde,,0,,,0,1,0,0,1
The Peanut Butter Falcon,2019,2019-08-09,20457158.0,3254939.0,23712097.0,,,,96.0,210.0,"Action & Adventure, Drama",96.0,"Michael Schwartz, Tyler Nilson",,0,,,0,1,0,0,1
Dark Waters,2019,2019-12-06,11136084.0,11971933.0,23108017.0,,,,90.0,218.0,Drama,126.0,Todd Haynes,,0,,,0,1,0,0,1
The Farewell,2019,2019-08-09,17695781.0,5380876.0,23076657.0,,,,98.0,332.0,"Comedy, Drama",100.0,Lulu Wang,,0,,,0,1,0,0,1
Unplanned,2019,2019-03-29,19005109.0,2580217.0,21585326.0,,,,42.0,26.0,Drama,106.0,"Chuck Konzelman, Cary Solomon",,0,,,0,1,0,0,1
Shaft,2019,2019-06-14,21360215.0,0.0,21360215.0,,,,33.0,127.0,"Action & Adventure, Comedy",111.0,Tim Story,,0,,,0,1,0,0,1
Hotel Mumbai,2019,2019-03-29,9651611.0,11663205.0,21314816.0,,,,76.0,214.0,Drama,125.0,Anthony Maras,,0,,,0,1,0,0,1
Greta,2019,2019-03-01,10532219.0,8120888.0,18653107.0,,,,60.0,270.0,Drama,98.0,Neil Jordan,,0,,,0,1,0,0,1
Bad Boys for Life,2020,2020-01-17,206305244.0,220200000.0,426505244.0,,,,77.0,257.0,"Action & Adventure, Comedy",124.0,"Adil El Arbi, Bilall Fallah",,0,,,0,1,0,0,1
Sonic the Hedgehog,2020,2020-02-14,148974665.0,170741018.0,319715683.0,,,,63.0,237.0,"Action & Adventure, Comedy",100.0,Jeff Fowler,,0,,,0,1,0,0,1
Dolittle,2020,2020-01-17,77047065.0,174363566.0,251410631.0,,,,14.0,228.0,"Action & Adventure, Comedy, Science Fiction & Fantasy",100.0,Stephen Gaghan,,0,,,0,1,0,0,1
The Invisible Man,2020,2020-02-28,70410000.0,74082724.0,144492724.0,,,,91.0,390.0,"Horror, Mystery & Suspense, Science Fiction & Fantasy",124.0,Leigh Whannell,,0,,,0,1,0,0,1
Onward,2020,2020-03-06,61555145.0,80384897.0,141940042.0,,,,88.0,324.0,"Action & Adventure, Animation, Kids & Family, Science Fiction & Fantasy",103.0,Dan Scanlon,,0,,,1,0,0,0,1
Fantasy Island,2020,2020-02-14,27309289.0,22138019.0,49447308.0,,,,7.0,107.0,"Comedy, Science Fiction & Fantasy",109.0,Jeff Wadlow,,0,,,0,1,0,0,1
Trolls World Tour,2020,2020-04-10,450000.0,48826818.0,49276818.0,,,,70.0,152.0,"Animation, Comedy",91.0,"Walt Dohrn, David P. Smith, David Smith",,0,,,1,0,0,0,1
Underwater,2020,2020-01-10,17291078.0,23591850.0,40882928.0,,,,48.0,208.0,"Action & Adventure, Mystery & Suspense",95.0,William Eubank,,0,,,0,1,0,0,1
Bloodshot,2020,2020-03-13,12561824.0,27299294.0,39861118.0,,,,30.0,159.0,"Action & Adventure, Science Fiction & Fantasy",109.0,David S. F. Wilson,,0,,,0,1,0,0,1
Like a Boss,2020,2020-01-10,22169514.0,8229976.0,30399490.0,,,,,,Comedy,,Miguel Arteta,,0,,,0,1,0,0,1
Scoob!,2020,2020-05-15,2188425.0,26400000.0,28588425.0,,,,48.0,145.0,"Action & Adventure, Animation, Comedy",94.0,Tony Cervone,,0,,,1,0,0,0,1
Emma.,2020,2020-02-21,10055355.0,15877089.0,25932444.0,,,,87.0,235.0,"Comedy, Drama",125.0,Autumn de Wilde,,0,,,0,1,0,0,1
The Photograph,2020,2020-02-14,20578185.0,112594.0,20690779.0,,,,74.0,107.0,"Comedy, Drama, Romance",106.0,Stella Meghie,,0,,,0,1,0,0,1
Brahms: The Boy II,2020,2020-02-21,12611536.0,7700000.0,20311536.0,,,,9.0,56.0,"Horror, Mystery & Suspense",86.0,William Brent Bell,,0,,,0,1,0,1,0
I Still Believe,2020,2020-03-13,9868521.0,6201209.0,16069730.0,,,,51.0,45.0,Drama,115.0,"Andrew Erwin, Jon Erwin",,0,,,0,1,0,0,1
The Way Back,2020,2020-03-06,13590514.0,1900000.0,15490514.0,,,,84.0,189.0,Drama,108.0,Gavin O'Connor,,0,,,0,1,0,0,1
Impractical Jokers: The Movie,2020,2020-02-21,10691091.0,0.0,10691091.0,,,,35.0,26.0,Comedy,93.0,Chris Henchy,,0,,,0,1,0,0,1
The Hunt,2020,2020-03-13,5812500.0,4737850.0,10550350.0,,,,57.0,246.0,"Action & Adventure, Horror, Mystery & Suspense",90.0,Craig Zobel,,0,,,0,1,0,0,1
Antebellum,2020,2020-08-21,0.0,7792716.0,7792716.0,,,,28.0,161.0,"Horror, Mystery & Suspense",106.0,"Gerard Bush, Christoper Renz",,0,,,0,1,0,0,1
Bill & Ted Face the Music,2020,2020-08-28,3439660.0,2834367.0,6274027.0,,,,82.0,235.0,"Action & Adventure, Comedy, Science Fiction & Fantasy",91.0,Dean Parisot,,0,,,0,1,0,0,1
The Rhythm Section,2020,2020-01-31,5437971.0,551612.0,5989583.0,,,,28.0,170.0,"Action & Adventure, Mystery & Suspense",109.0,Reed Morano,,0,,,0,1,0,0,1
Military Wives,2020,2020-05-22,0.0,4890505.0,4890505.0,,,,76.0,118.0,"Comedy, Drama",112.0,Peter Cattaneo,,0,,,0,1,0,0,1
